trace_name,source_id,annotated_p_sample,predicted_p_sample,annotated_p_time_s,predicted_p_time_s,abs_error_s
11032751.XO.AM05..EH,11032751,1911,1886,19.11,18.86,0.25
11032751.XO.AM05..HN,11032751,2082,2075,20.82,20.75,0.07
11032751.IV.AOI..HH,11032751,1968,1973,19.68,19.73,0.05
11032751.MN.AQU..HH,11032751,1898,7893,18.98,78.93,59.95
11032751.MN.AQU..HL,11032751,1853,2322,18.53,23.22,4.69
11032751.IV.ARVD..HH,11032751,1814,1813,18.14,18.13,0.01
11032751.IV.ASQU..HH,11032751,1868,1954,18.68,19.54,0.86
11032751.IV.ATCC..EH,11032751,1880,1910,18.8,19.1,0.3
11032751.IV.ATCC..HN,11032751,1678,1714,16.78,17.14,0.36
11032751.IV.ATFO..HH,11032751,1527,1552,15.27,15.52,0.25
11032751.IV.ATFO..HN,11032751,1614,1641,16.14,16.41,0.27
11032751.IV.ATLO..EH,11032751,1764,1762,17.64,17.62,0.02
11032751.IV.ATLO..HN,11032751,1621,1546,16.21,15.46,0.75
11032751.IV.ATMC..EH,11032751,1692,1714,16.92,17.14,0.22
11032751.IV.ATPC..HH,11032751,1655,1686,16.55,16.86,0.31
11032751.IV.ATPC..HN,11032751,1603,1666,16.03,16.66,0.63
11032751.IV.ATSC..EH,11032751,1971,2006,19.71,20.06,0.35
11032751.IV.ATVA..EH,11032751,1651,1643,16.51,16.43,0.08
11032751.IV.ATVO..HH,11032751,1653,1655,16.53,16.55,0.02
11032751.IV.ATVO..HN,11032751,1588,1593,15.88,15.93,0.05
11032751.IV.BADI..EH,11032751,1698,3370,16.98,33.7,16.72
11032751.IV.CAFI..HH,11032751,1558,1590,15.58,15.9,0.32
11032751.IV.CAFI..HN,11032751,1586,1579,15.86,15.79,0.07
11032751.IV.CAMP..HH,11032751,1948,1959,19.48,19.59,0.11
11032751.IV.CERT..HH,11032751,2214,2218,22.14,22.18,0.04
11032751.IV.CESI..HH,11032751,1695,1698,16.95,16.98,0.03
11032751.IV.CESX..HH,11032751,1630,1586,16.3,15.86,0.44
11032751.IV.CING..HH,11032751,1909,1898,19.09,18.98,0.11
11032751.IV.CRE..HH,11032751,1871,1906,18.71,19.06,0.35
11032751.IV.CSP1..EH,11032751,1607,1618,16.07,16.18,0.11
11032751.IV.FAGN..HH,11032751,2035,6578,20.35,65.78,45.43
11032751.IV.FDMO..HH,11032751,2003,682,20.03,6.82,13.21
11032751.IV.FEMA..HN,11032751,2058,2055,20.58,20.55,0.03
11032751.IV.FIAM..HH,11032751,1955,1954,19.55,19.54,0.01
11032751.IV.FIAM..HN,11032751,1817,1826,18.17,18.26,0.09
11032751.IV.FIU1..HN,11032751,1812,2610,18.12,26.1,7.98
11032751.IV.FOSV..EH,11032751,1821,1835,18.21,18.35,0.14
11032751.IV.FOSV..HN,11032751,1786,1803,17.86,18.03,0.17
11032751.IV.FRON..EH,11032751,2021,2022,20.21,20.22,0.01
11032751.IV.FSSB..HH,11032751,1957,2045,19.57,20.45,0.88
11032751.IV.GAG1..HN,11032751,1639,1642,16.39,16.42,0.03
11032751.IV.GIGS..HH,11032751,1630,1619,16.3,16.19,0.11
11032751.IV.GUMA..HH,11032751,1653,1629,16.53,16.29,0.24
11032751.IV.GUMA..HN,11032751,1609,1607,16.09,16.07,0.02
11032751.IV.INTR..HH,11032751,1767,2137,17.67,21.37,3.7
11032751.IV.INTR..HN,11032751,1710,3054,17.1,30.54,13.44
11032751.IV.LATB..EH,11032751,1687,1866,16.87,18.66,1.79
11032751.IV.LNSS..HH,11032751,1837,1788,18.37,17.88,0.49
11032751.IV.MC2..EH,11032751,1852,1853,18.52,18.53,0.01
11032751.IV.MCIV..HH,11032751,1655,1682,16.55,16.82,0.27
11032751.IV.MDAR..HN,11032751,2003,2003,20.03,20.03,0.0
11032751.IV.MGAB..HN,11032751,1657,1899,16.57,18.99,2.42
11032751.IV.MMUR..HN,11032751,1805,1819,18.05,18.19,0.14
11032751.IV.MOMA..HH,11032751,2113,2098,21.13,20.98,0.15
11032751.IV.MOMA..HN,11032751,2041,2066,20.41,20.66,0.25
11032751.IV.MPAG..EH,11032751,1590,1587,15.9,15.87,0.03
11032751.IV.MPAG..HN,11032751,1590,1506,15.9,15.06,0.84
11032751.IV.MTCE..HH,11032751,1678,1714,16.78,17.14,0.36
11032751.IV.MTL1..HN,11032751,1543,1570,15.43,15.7,0.27
11032751.IV.MURB..HH,11032751,1828,1846,18.28,18.46,0.18
11032751.IV.MURB..HN,11032751,1842,1858,18.42,18.58,0.16
11032751.IV.NRCA..HH,11032751,1502,1426,15.02,14.26,0.76
11032751.IV.NRCA..HN,11032751,1557,1516,15.57,15.16,0.41
11032751.IV.OFFI..HH,11032751,1586,1649,15.86,16.49,0.63
11032751.IV.PE3..EH,11032751,2110,2131,21.1,21.31,0.21
11032751.IV.PIEI..HH,11032751,2159,2178,21.59,21.78,0.19
11032751.IV.PIEI..HN,11032751,1937,2025,19.37,20.25,0.88
11032751.IV.PP3..EH,11032751,1980,1141,19.8,11.41,8.39
11032751.IV.PP3..HN,11032751,2074,2098,20.74,20.98,0.24
11032751.IV.RM33..EH,11032751,1889,1843,18.89,18.43,0.46
11032751.IV.RM33..HN,11032751,1871,1875,18.71,18.75,0.04
11032751.IV.SACS..HH,11032751,2096,2115,20.96,21.15,0.19
11032751.IV.SACS..HN,11032751,1927,1954,19.27,19.54,0.27
11032751.IV.SEF1..HN,11032751,1700,1699,17.0,16.99,0.01
11032751.IV.SMA1..EH,11032751,2034,2046,20.34,20.46,0.12
11032751.IV.SNTG..HH,11032751,1696,1706,16.96,17.06,0.1
11032751.IV.SNTG..HN,11032751,1616,1639,16.16,16.39,0.23
11032751.IV.SSFR..HH,11032751,1889,1882,18.89,18.82,0.07
11032751.IV.SSFR..HN,11032751,1692,1707,16.92,17.07,0.15
11032751.IV.SSM1..HN,11032751,2018,2035,20.18,20.35,0.17
11032751.IV.T0110..HH,11032751,2155,2163,21.55,21.63,0.08
11032751.IV.T1201..HN,11032751,2139,2150,21.39,21.5,0.11
11032751.IV.T1202..EH,11032751,1786,1738,17.86,17.38,0.48
11032751.IV.T1204..EH,11032751,1553,1554,15.53,15.54,0.01
11032751.IV.T1211..EH,11032751,2021,2026,20.21,20.26,0.05
11032751.IV.T1211..HN,11032751,6701,6715,67.01,67.15,0.14
11032751.IV.T1212..EH,11032751,2438,2434,24.38,24.34,0.04
11032751.IV.T1212..HN,11032751,1907,1875,19.07,18.75,0.32
11032751.IV.T1213..EH,11032751,1828,1836,18.28,18.36,0.08
11032751.IV.T1213..HN,11032751,3186,3186,31.86,31.86,0.0
11032751.IV.T1215..EH,11032751,3117,3118,31.17,31.18,0.01
11032751.IV.T1215..HN,11032751,5994,5995,59.94,59.95,0.01
11032751.IV.T1216..EH,11032751,3975,3978,39.75,39.78,0.03
11032751.IV.T1216..HN,11032751,1773,1775,17.73,17.75,0.02
11032751.IV.T1217..EH,11032751,1655,1658,16.55,16.58,0.03
11032751.IV.T1217..HN,11032751,2107,2099,21.07,20.99,0.08
11032751.IV.T1218..EH,11032751,2407,2355,24.07,23.55,0.52
11032751.IV.T1218..HN,11032751,3263,3259,32.63,32.59,0.04
11032751.IV.T1219..EH,11032751,3781,3791,37.81,37.91,0.1
11032751.IV.T1219..HN,11032751,3553,3555,35.53,35.55,0.02
11032751.IV.T1220..EH,11032751,3232,3237,32.32,32.37,0.05
11032751.IV.T1220..HN,11032751,2016,2003,20.16,20.03,0.13
11032751.IV.T1221..EH,11032751,3229,3230,32.29,32.3,0.01
11032751.IV.T1221..HN,11032751,2763,2759,27.63,27.59,0.04
11032751.IV.T1241..EH,11032751,2012,2019,20.12,20.19,0.07
11032751.IV.T1243..HH,11032751,2090,2052,20.9,20.52,0.38
11032751.IV.T1243..HN,11032751,1982,1986,19.82,19.86,0.04
11032751.IV.T1244..EH,11032751,2037,2035,20.37,20.35,0.02
11032751.IV.T1244..HN,11032751,1893,1890,18.93,18.9,0.03
11032751.IV.T1245..HH,11032751,1989,1988,19.89,19.88,0.01
11032751.IV.T1245..HN,11032751,2043,2035,20.43,20.35,0.08
11032751.IV.T1246..HH,11032751,2090,2046,20.9,20.46,0.44
11032751.IV.T1247..HH,11032751,1648,1653,16.48,16.53,0.05
11032751.IV.T1256..HH,11032751,1887,1891,18.87,18.91,0.04
11032751.IV.T1256..HN,11032751,1896,1906,18.96,19.06,0.1
11032751.IV.T1299..EH,11032751,1782,1742,17.82,17.42,0.4
11032751.IV.T1299..HN,11032751,1682,1697,16.82,16.97,0.15
11032751.IV.TERO..HH,11032751,2097,2058,20.97,20.58,0.39
11032751.IV.TERO..HN,11032751,2059,2035,20.59,20.35,0.24
11032751.IV.TOLF..HH,11032751,1800,1870,18.0,18.7,0.7
11032751.IV.VCEL..EH,11032751,1975,1971,19.75,19.71,0.04
11033161.IV.CESI..HH,11033161,1855,1858,18.55,18.58,0.03
11033161.IV.CSP1..EH,11033161,1857,1859,18.57,18.59,0.02
11033161.IV.FDMO..HH,11033161,1767,1768,17.67,17.68,0.01
11033161.IV.FEMA..HN,11033161,1993,1995,19.93,19.95,0.02
11033161.IV.GUMA..HH,11033161,1896,1890,18.96,18.9,0.06
11033161.IV.GUMA..HN,11033161,1900,1898,19.0,18.98,0.02
11033161.IV.MC2..EH,11033161,1592,1587,15.92,15.87,0.05
11033161.IV.MMO1..EH,11033161,2291,2291,22.91,22.91,0.0
11033161.IV.MMO1..HN,11033161,2003,4242,20.03,42.42,22.39
11033161.IV.NRCA..HH,11033161,2240,2242,22.4,22.42,0.02
11033161.IV.NRCA..HN,11033161,2036,2027,20.36,20.27,0.09
11033161.IV.SNTG..HH,11033161,1642,1586,16.42,15.86,0.56
11033161.IV.SNTG..HN,11033161,1555,1991,15.55,19.91,4.36
11033161.IV.T1215..EH,11033161,2873,2867,28.73,28.67,0.06
11033161.IV.T1215..HN,11033161,2937,2923,29.37,29.23,0.14
11033161.IV.T1216..EH,11033161,1907,1907,19.07,19.07,0.0
11033161.IV.T1216..HN,11033161,2110,2122,21.1,21.22,0.12
11033161.IV.T1219..EH,11033161,2030,2034,20.3,20.34,0.04
11033161.IV.T1219..HN,11033161,2488,2466,24.88,24.66,0.22
11033161.IV.T1245..HH,11033161,1659,1651,16.59,16.51,0.08
11033161.IV.T1245..HN,11033161,1516,1515,15.16,15.15,0.01
11033161.IV.T1256..HH,11033161,1918,1922,19.18,19.22,0.04
11033161.IV.T1256..HN,11033161,1843,2050,18.43,20.5,2.07
11033871.IV.CAMP..HH,11033871,2088,2087,20.88,20.87,0.01
11033871.IV.FIAM..HH,11033871,1907,1895,19.07,18.95,0.12
11033871.IV.FIAM..HN,11033871,2045,2025,20.45,20.25,0.2
11033871.IV.GIGS..HH,11033871,1995,2007,19.95,20.07,0.12
11033871.IV.LNSS..HH,11033871,1798,1794,17.98,17.94,0.04
11033871.IV.RM33..EH,11033871,1588,1587,15.88,15.87,0.01
11033871.IV.RM33..HN,11033871,1567,1570,15.67,15.7,0.03
11033871.IV.SMA1..EH,11033871,1873,1218,18.73,12.18,6.55
11033871.IV.T1218..EH,11033871,3993,2930,39.93,29.3,10.63
11033871.IV.T1218..HN,11033871,2197,3571,21.97,35.71,13.74
11033871.IV.T1243..HH,11033871,1787,1778,17.87,17.78,0.09
11033871.IV.T1243..HN,11033871,1714,3106,17.14,31.06,13.92
11033871.IV.T1246..HH,11033871,1894,1909,18.94,19.09,0.15
11033871.IV.T1247..HH,11033871,1669,10392,16.69,103.92,87.23
11033871.IV.T1299..EH,11033871,1957,1915,19.57,19.15,0.42
11033871.IV.T1299..HN,11033871,1878,1874,18.78,18.74,0.04
11033871.IV.TERO..HH,11033871,1607,3113,16.07,31.13,15.06
11033871.IV.TERO..HN,11033871,1767,3278,17.67,32.78,15.11
11034421.IV.MC2..EH,11034421,1946,1931,19.46,19.31,0.15
11034421.IV.MMO1..EH,11034421,2055,2039,20.55,20.39,0.16
11034421.IV.MMO1..HN,11034421,1889,3114,18.89,31.14,12.25
11034421.IV.NRCA..HH,11034421,1936,392,19.36,3.92,15.44
11034421.IV.NRCA..HN,11034421,1803,2690,18.03,26.9,8.87
11034421.IV.SMA1..EH,11034421,1728,55,17.28,0.55,16.73
11034421.IV.T1218..EH,11034421,2207,3330,22.07,33.3,11.23
11034421.IV.T1218..HN,11034421,3404,3399,34.04,33.99,0.05
11034421.IV.T1243..HH,11034421,2007,2002,20.07,20.02,0.05
11034421.IV.T1243..HN,11034421,1755,1747,17.55,17.47,0.08
11041511.XO.AM05..EH,11041511,2064,10058,20.64,100.58,79.94
11041511.XO.AM05..HN,11041511,2032,1621,20.32,16.21,4.11
11041511.IV.ARRO..EH,11041511,1946,1958,19.46,19.58,0.12
11041511.IV.ARVD..HH,11041511,2014,2010,20.14,20.1,0.04
11041511.IV.ASSB..HH,11041511,1884,1890,18.84,18.9,0.06
11041511.IV.ATCC..EH,11041511,1891,1906,18.91,19.06,0.15
11041511.IV.ATCC..HN,11041511,1932,1993,19.32,19.93,0.61
11041511.IV.ATFO..HH,11041511,1743,1751,17.43,17.51,0.08
11041511.IV.ATFO..HN,11041511,1648,1639,16.48,16.39,0.09
11041511.IV.ATSC..EH,11041511,1692,1706,16.92,17.06,0.14
11041511.IV.ATVO..HH,11041511,1882,1895,18.82,18.95,0.13
11041511.IV.ATVO..HN,11041511,1951,10537,19.51,105.37,85.86
11041511.IV.CESI..HH,11041511,1923,1930,19.23,19.3,0.07
11041511.IV.CESX..HH,11041511,1650,1655,16.5,16.55,0.05
11041511.IV.CING..HH,11041511,1811,1820,18.11,18.2,0.09
11041511.IV.CSP1..EH,11041511,1748,1749,17.48,17.49,0.01
11041511.IV.FDMO..HH,11041511,1966,1934,19.66,19.34,0.32
11041511.IV.FEMA..HN,11041511,2036,2039,20.36,20.39,0.03
11041511.IV.FIU1..HN,11041511,1846,8747,18.46,87.47,69.01
11041511.IV.FOSV..EH,11041511,1664,1675,16.64,16.75,0.11
11041511.IV.FSSB..HH,11041511,1533,1491,15.33,14.91,0.42
11041511.IV.GIGS..HH,11041511,1678,1682,16.78,16.82,0.04
11041511.IV.GUMA..HH,11041511,1752,1754,17.52,17.54,0.02
11041511.IV.GUMA..HN,11041511,1759,1762,17.59,17.62,0.03
11041511.IV.LNSS..HH,11041511,2126,2141,21.26,21.41,0.15
11041511.IV.MC2..EH,11041511,1607,1615,16.07,16.15,0.08
11041511.IV.MDAR..HN,11041511,1528,1523,15.28,15.23,0.05
11041511.IV.MMO1..EH,11041511,1518,1515,15.18,15.15,0.03
11041511.IV.MMO1..HN,11041511,1528,1515,15.28,15.15,0.13
11041511.IV.MMUR..HN,11041511,1823,1803,18.23,18.03,0.2
11041511.IV.MPAG..EH,11041511,2023,2003,20.23,20.03,0.2
11041511.IV.MPAG..HN,11041511,1892,4685,18.92,46.85,27.93
11041511.IV.MTL1..HN,11041511,1581,1586,15.81,15.86,0.05
11041511.IV.MURB..HH,11041511,1610,1618,16.1,16.18,0.08
11041511.IV.MURB..HN,11041511,1539,1538,15.39,15.38,0.01
11041511.IV.NRCA..HH,11041511,2085,2094,20.85,20.94,0.09
11041511.IV.NRCA..HN,11041511,2012,2007,20.12,20.07,0.05
11041511.IV.OFFI..HH,11041511,1961,1975,19.61,19.75,0.14
11041511.IV.PP3..EH,11041511,1787,1805,17.87,18.05,0.18
11041511.IV.PP3..HN,11041511,1716,1730,17.16,17.3,0.14
11041511.IV.RM33..EH,11041511,1619,1635,16.19,16.35,0.16
11041511.IV.RM33..HN,11041511,1628,1643,16.28,16.43,0.15
11041511.IV.SEF1..HN,11041511,2070,2067,20.7,20.67,0.03
11041511.IV.SNTG..HH,11041511,1793,1794,17.93,17.94,0.01
11041511.IV.SNTG..HN,11041511,1795,1803,17.95,18.03,0.08
11041511.IV.SSFR..HH,11041511,1807,1802,18.07,18.02,0.05
11041511.IV.SSFR..HN,11041511,1780,1787,17.8,17.87,0.07
11041511.IV.SSM1..HN,11041511,1650,1655,16.5,16.55,0.05
11041511.IV.T1201..HN,11041511,1898,1907,18.98,19.07,0.09
11041511.IV.T1202..EH,11041511,1932,1941,19.32,19.41,0.09
11041511.IV.T1204..EH,11041511,1785,1794,17.85,17.94,0.09
11041511.IV.T1212..EH,11041511,3431,3440,34.31,34.4,0.09
11041511.IV.T1212..HN,11041511,4810,4819,48.1,48.19,0.09
11041511.IV.T1213..EH,11041511,2482,2486,24.82,24.86,0.04
11041511.IV.T1213..HN,11041511,2579,2578,25.79,25.78,0.01
11041511.IV.T1215..EH,11041511,2298,2303,22.98,23.03,0.05
11041511.IV.T1215..HN,11041511,5093,5095,50.93,50.95,0.02
11041511.IV.T1216..EH,11041511,1902,1906,19.02,19.06,0.04
11041511.IV.T1216..HN,11041511,2369,2375,23.69,23.75,0.06
11041511.IV.T1217..EH,11041511,3440,3446,34.4,34.46,0.06
11041511.IV.T1217..HN,11041511,2819,2819,28.19,28.19,0.0
11041511.IV.T1218..EH,11041511,1889,1899,18.89,18.99,0.1
11041511.IV.T1218..HN,11041511,2459,2459,24.59,24.59,0.0
11041511.IV.T1219..EH,11041511,2234,2229,22.34,22.29,0.05
11041511.IV.T1219..HN,11041511,1798,1794,17.98,17.94,0.04
11041511.IV.T1220..EH,11041511,2548,2549,25.48,25.49,0.01
11041511.IV.T1220..HN,11041511,4237,4227,42.37,42.27,0.1
11041511.IV.T1221..EH,11041511,2292,2295,22.92,22.95,0.03
11041511.IV.T1221..HN,11041511,4082,4050,40.82,40.5,0.32
11041511.IV.T1241..EH,11041511,1962,1986,19.62,19.86,0.24
11041511.IV.T1241..HN,11041511,1866,1890,18.66,18.9,0.24
11041511.IV.T1243..HH,11041511,2086,2103,20.86,21.03,0.17
11041511.IV.T1243..HN,11041511,1901,11595,19.01,115.95,96.94
11041511.IV.T1244..EH,11041511,1540,1542,15.4,15.42,0.02
11041511.IV.T1244..HN,11041511,1602,1610,16.02,16.1,0.08
11041511.IV.T1245..HH,11041511,1973,1983,19.73,19.83,0.1
11041511.IV.T1245..HN,11041511,1827,1835,18.27,18.35,0.08
11041511.IV.T1256..HH,11041511,1619,1618,16.19,16.18,0.01
11041511.IV.T1256..HN,11041511,1632,1635,16.32,16.35,0.03
11041511.IV.T1299..EH,11041511,1837,1843,18.37,18.43,0.06
11041511.IV.T1299..HN,11041511,1848,1863,18.48,18.63,0.15
11041511.IV.TERO..HH,11041511,1857,1877,18.57,18.77,0.2
11041511.IV.TERO..HN,11041511,1678,1698,16.78,16.98,0.2
11041511.IV.VCEL..EH,11041511,1966,1970,19.66,19.7,0.04
11048161.XO.AM05..EH,11048161,1927,1945,19.27,19.45,0.18
11048161.XO.AM05..HN,11048161,1973,1970,19.73,19.7,0.03
11048161.IV.ATCC..EH,11048161,2197,2223,21.97,22.23,0.26
11048161.IV.ATCC..HN,11048161,1996,2023,19.96,20.23,0.27
11048161.IV.CAMP..HH,11048161,1971,1974,19.71,19.74,0.03
11048161.IV.CERT..HH,11048161,1800,1927,18.0,19.27,1.27
11048161.IV.CESI..HH,11048161,1710,1106,17.1,11.06,6.04
11048161.IV.CESX..HH,11048161,1996,1970,19.96,19.7,0.26
11048161.IV.CING..HH,11048161,1664,1689,16.64,16.89,0.25
11048161.IV.CSP1..EH,11048161,1565,882,15.65,8.82,6.83
11048161.IV.EL6..EH,11048161,1676,8330,16.76,83.3,66.54
11048161.IV.FAGN..HH,11048161,1914,1890,19.14,18.9,0.24
11048161.IV.FEMA..HN,11048161,1780,1171,17.8,11.71,6.09
11048161.IV.FIAM..HH,11048161,1734,1731,17.34,17.31,0.03
11048161.IV.FIAM..HN,11048161,1866,2667,18.66,26.67,8.01
11048161.IV.GIGS..HH,11048161,2023,2034,20.23,20.34,0.11
11048161.IV.GUMA..HH,11048161,1862,1302,18.62,13.02,5.6
11048161.IV.GUMA..HN,11048161,1846,1858,18.46,18.58,0.12
11048161.IV.LNSS..HH,11048161,1771,1786,17.71,17.86,0.15
11048161.IV.MC2..EH,11048161,1918,1538,19.18,15.38,3.8
11048161.IV.NRCA..HH,11048161,1603,1515,16.03,15.15,0.88
11048161.IV.NRCA..HN,11048161,1590,1547,15.9,15.47,0.43
11048161.IV.RM33..EH,11048161,1735,1750,17.35,17.5,0.15
11048161.IV.RM33..HN,11048161,1668,1682,16.68,16.82,0.14
11048161.IV.SMA1..EH,11048161,1739,1738,17.39,17.38,0.01
11048161.IV.T0110..HH,11048161,2083,2032,20.83,20.32,0.51
11048161.IV.T1201..HN,11048161,1551,1543,15.51,15.43,0.08
11048161.IV.T1202..EH,11048161,1630,1634,16.3,16.34,0.04
11048161.IV.T1204..EH,11048161,1669,1674,16.69,16.74,0.05
11048161.IV.T1212..EH,11048161,4250,4250,42.5,42.5,0.0
11048161.IV.T1212..HN,11048161,6107,6102,61.07,61.02,0.05
11048161.IV.T1213..EH,11048161,3186,3174,31.86,31.74,0.12
11048161.IV.T1213..HN,11048161,2244,2227,22.44,22.27,0.17
11048161.IV.T1215..EH,11048161,2214,2203,22.14,22.03,0.11
11048161.IV.T1215..HN,11048161,4745,4723,47.45,47.23,0.22
11048161.IV.T1216..EH,11048161,3954,3504,39.54,35.04,4.5
11048161.IV.T1216..HN,11048161,3543,3546,35.43,35.46,0.03
11048161.IV.T1217..EH,11048161,3717,3714,37.17,37.14,0.03
11048161.IV.T1217..HN,11048161,3722,3723,37.22,37.23,0.01
11048161.IV.T1218..EH,11048161,3145,3142,31.45,31.42,0.03
11048161.IV.T1218..HN,11048161,4624,4626,46.24,46.26,0.02
11048161.IV.T1219..EH,11048161,1597,823,15.97,8.23,7.74
11048161.IV.T1219..HN,11048161,2949,2187,29.49,21.87,7.62
11048161.IV.T1243..HH,11048161,2039,2012,20.39,20.12,0.27
11048161.IV.T1243..HN,11048161,1867,1875,18.67,18.75,0.08
11048161.IV.T1244..EH,11048161,2056,2053,20.56,20.53,0.03
11048161.IV.T1244..HN,11048161,1942,1939,19.42,19.39,0.03
11048161.IV.T1245..HH,11048161,1828,1824,18.28,18.24,0.04
11048161.IV.T1245..HN,11048161,1844,1839,18.44,18.39,0.05
11048161.IV.T1246..HH,11048161,1705,1706,17.05,17.06,0.01
11048161.IV.T1247..HH,11048161,1994,1990,19.94,19.9,0.04
11048161.IV.T1256..HH,11048161,1723,1139,17.23,11.39,5.84
11048161.IV.T1256..HN,11048161,1725,1723,17.25,17.23,0.02
11048161.IV.T1299..EH,11048161,1784,1782,17.84,17.82,0.02
11048161.IV.T1299..HN,11048161,1787,1794,17.87,17.94,0.07
11048161.IV.TERO..HH,11048161,1707,1733,17.07,17.33,0.26
11048161.IV.TERO..HN,11048161,1957,1920,19.57,19.2,0.37
11048161.IV.VCEL..EH,11048161,1712,1715,17.12,17.15,0.03
11052061.XO.AM05..EH,11052061,2084,2074,20.84,20.74,0.1
11052061.XO.AM05..HN,11052061,2077,2082,20.77,20.82,0.05
11052061.IV.ARRO..EH,11052061,1828,1830,18.28,18.3,0.02
11052061.IV.ARVD..HH,11052061,1976,1970,19.76,19.7,0.06
11052061.IV.ATCC..EH,11052061,2231,2227,22.31,22.27,0.04
11052061.IV.ATCC..HN,11052061,1987,1986,19.87,19.86,0.01
11052061.IV.ATVO..HH,11052061,2257,2258,22.57,22.58,0.01
11052061.IV.ATVO..HN,11052061,1957,1362,19.57,13.62,5.95
11052061.IV.CAMP..HH,11052061,1782,1767,17.82,17.67,0.15
11052061.IV.CERT..HH,11052061,1851,1895,18.51,18.95,0.44
11052061.IV.CESI..HH,11052061,1598,1594,15.98,15.94,0.04
11052061.IV.CESX..HH,11052061,1957,1971,19.57,19.71,0.14
11052061.IV.CING..HH,11052061,1850,1843,18.5,18.43,0.07
11052061.IV.CSP1..EH,11052061,1864,1863,18.64,18.63,0.01
11052061.IV.FAGN..HH,11052061,1732,1842,17.32,18.42,1.1
11052061.IV.FDMO..HH,11052061,1757,1755,17.57,17.55,0.02
11052061.IV.FEMA..HN,11052061,1945,1954,19.45,19.54,0.09
11052061.IV.FIAM..HH,11052061,2134,2147,21.34,21.47,0.13
11052061.IV.FIAM..HN,11052061,1952,1986,19.52,19.86,0.34
11052061.IV.FOSV..EH,11052061,2152,2146,21.52,21.46,0.06
11052061.IV.FSSB..HH,11052061,1909,1879,19.09,18.79,0.3
11052061.IV.GIGS..HH,11052061,1842,1824,18.42,18.24,0.18
11052061.IV.GUMA..HH,11052061,1611,1621,16.11,16.21,0.1
11052061.IV.GUMA..HN,11052061,1551,1543,15.51,15.43,0.08
11052061.IV.LNSS..HH,11052061,2042,1994,20.42,19.94,0.48
11052061.IV.MC2..EH,11052061,1696,1522,16.96,15.22,1.74
11052061.IV.MPAG..EH,11052061,2000,2023,20.0,20.23,0.23
11052061.IV.MPAG..HN,11052061,2000,5298,20.0,52.98,32.98
11052061.IV.MURB..HH,11052061,1916,1926,19.16,19.26,0.1
11052061.IV.MURB..HN,11052061,1778,5498,17.78,54.98,37.2
11052061.IV.NRCA..HH,11052061,1594,1595,15.94,15.95,0.01
11052061.IV.NRCA..HN,11052061,1723,1733,17.23,17.33,0.1
11052061.IV.OFFI..HH,11052061,1621,1622,16.21,16.22,0.01
11052061.IV.PIEI..HH,11052061,2019,2026,20.19,20.26,0.07
11052061.IV.PIEI..HN,11052061,1987,9386,19.87,93.86,73.99
11052061.IV.PP3..EH,11052061,1732,1765,17.32,17.65,0.33
11052061.IV.PP3..HN,11052061,1785,1810,17.85,18.1,0.25
11052061.IV.RM33..EH,11052061,1784,1778,17.84,17.78,0.06
11052061.IV.RM33..HN,11052061,1826,1826,18.26,18.26,0.0
11052061.IV.SMA1..EH,11052061,1714,1714,17.14,17.14,0.0
11052061.IV.SNTG..HH,11052061,2012,2034,20.12,20.34,0.22
11052061.IV.SNTG..HN,11052061,2046,2823,20.46,28.23,7.77
11052061.IV.SRES..HH,11052061,1928,1970,19.28,19.7,0.42
11052061.IV.SSFR..HH,11052061,2071,2085,20.71,20.85,0.14
11052061.IV.SSFR..HN,11052061,1912,3606,19.12,36.06,16.94
11052061.IV.T0110..HH,11052061,2085,2098,20.85,20.98,0.13
11052061.IV.T1202..EH,11052061,1743,1752,17.43,17.52,0.09
11052061.IV.T1212..EH,11052061,2287,2281,22.87,22.81,0.06
11052061.IV.T1212..HN,11052061,2511,2507,25.11,25.07,0.04
11052061.IV.T1213..EH,11052061,2644,2633,26.44,26.33,0.11
11052061.IV.T1213..HN,11052061,1666,1655,16.66,16.55,0.11
11052061.IV.T1215..EH,11052061,2842,2838,28.42,28.38,0.04
11052061.IV.T1215..HN,11052061,4172,4163,41.72,41.63,0.09
11052061.IV.T1216..EH,11052061,2787,2786,27.87,27.86,0.01
11052061.IV.T1216..HN,11052061,1821,1819,18.21,18.19,0.02
11052061.IV.T1217..EH,11052061,2506,2502,25.06,25.02,0.04
11052061.IV.T1217..HN,11052061,3877,3824,38.77,38.24,0.53
11052061.IV.T1218..EH,11052061,2679,2673,26.79,26.73,0.06
11052061.IV.T1218..HN,11052061,3243,3235,32.43,32.35,0.08
11052061.IV.T1219..EH,11052061,2612,2610,26.12,26.1,0.02
11052061.IV.T1219..HN,11052061,2020,2023,20.2,20.23,0.03
11052061.IV.T1221..EH,11052061,2969,2966,29.69,29.66,0.03
11052061.IV.T1221..HN,11052061,2323,2322,23.23,23.22,0.01
11052061.IV.T1241..EH,11052061,1871,1866,18.71,18.66,0.05
11052061.IV.T1241..HN,11052061,1878,1874,18.78,18.74,0.04
11052061.IV.T1243..HH,11052061,1825,1833,18.25,18.33,0.08
11052061.IV.T1243..HN,11052061,1805,1811,18.05,18.11,0.06
11052061.IV.T1244..EH,11052061,2000,1999,20.0,19.99,0.01
11052061.IV.T1244..HN,11052061,1787,1779,17.87,17.79,0.08
11052061.IV.T1245..HH,11052061,1744,1738,17.44,17.38,0.06
11052061.IV.T1245..HN,11052061,1767,1762,17.67,17.62,0.05
11052061.IV.T1247..HH,11052061,2169,2181,21.69,21.81,0.12
11052061.IV.T1256..HH,11052061,1639,1650,16.39,16.5,0.11
11052061.IV.T1256..HN,11052061,1641,1650,16.41,16.5,0.09
11052061.IV.TERO..HH,11052061,1559,1572,15.59,15.72,0.13
11052061.IV.VCEL..EH,11052061,1693,1714,16.93,17.14,0.21
11053641.MN.AQU..HH,11053641,1680,1709,16.8,17.09,0.29
11053641.MN.AQU..HL,11053641,1839,1867,18.39,18.67,0.28
11053641.IV.CAMP..HH,11053641,1705,1651,17.05,16.51,0.54
11053641.IV.CESI..HH,11053641,1807,1814,18.07,18.14,0.07
11053641.IV.FAGN..HH,11053641,1703,1707,17.03,17.07,0.04
11053641.IV.FDMO..HH,11053641,1700,1698,17.0,16.98,0.02
11053641.IV.FIAM..HH,11053641,2115,2048,21.15,20.48,0.67
11053641.IV.FIAM..HN,11053641,2007,2023,20.07,20.23,0.16
11053641.IV.GIGS..HH,11053641,2075,2082,20.75,20.82,0.07
11053641.IV.LNSS..HH,11053641,1732,1730,17.32,17.3,0.02
11053641.IV.MC2..EH,11053641,1952,1954,19.52,19.54,0.02
11053641.IV.MMO1..EH,11053641,1873,1874,18.73,18.74,0.01
11053641.IV.NRCA..HH,11053641,2050,2053,20.5,20.53,0.03
11053641.IV.NRCA..HN,11053641,2012,2003,20.12,20.03,0.09
11053641.IV.OFFI..HH,11053641,2130,2131,21.3,21.31,0.01
11053641.IV.RM33..EH,11053641,1789,1738,17.89,17.38,0.51
11053641.IV.RM33..HN,11053641,1780,1786,17.8,17.86,0.06
11053641.IV.T1211..EH,11053641,3743,3739,37.43,37.39,0.04
11053641.IV.T1211..HN,11053641,6047,6050,60.47,60.5,0.03
11053641.IV.T1215..EH,11053641,4820,4823,48.2,48.23,0.03
11053641.IV.T1215..HN,11053641,1667,1682,16.67,16.82,0.15
11053641.IV.T1216..EH,11053641,2482,2483,24.82,24.83,0.01
11053641.IV.T1216..HN,11053641,2289,2299,22.89,22.99,0.1
11053641.IV.T1218..EH,11053641,1632,1626,16.32,16.26,0.06
11053641.IV.T1218..HN,11053641,2012,2003,20.12,20.03,0.09
11053641.IV.T1241..EH,11053641,1923,1923,19.23,19.23,0.0
11053641.IV.T1241..HN,11053641,1912,1906,19.12,19.06,0.06
11053641.IV.T1243..HH,11053641,1889,1106,18.89,11.06,7.83
11053641.IV.T1243..HN,11053641,1928,1927,19.28,19.27,0.01
11053641.IV.T1245..HH,11053641,2235,2243,22.35,22.43,0.08
11053641.IV.T1245..HN,11053641,2012,2027,20.12,20.27,0.15
11053641.IV.T1247..HH,11053641,1712,1618,17.12,16.18,0.94
11053641.IV.T1256..HH,11053641,1667,1667,16.67,16.67,0.0
11053641.IV.T1256..HN,11053641,1735,1739,17.35,17.39,0.04
11053641.IV.TERO..HH,11053641,2045,1394,20.45,13.94,6.51
11053641.IV.TERO..HN,11053641,1973,1970,19.73,19.7,0.03
1105901.IV.JOPP..HH,1105901,1978,1988,19.78,19.88,0.1
1105901.IV.JOPP..HN,1105901,2051,2051,20.51,20.51,0.0
1105901.IV.MILZ..HH,1105901,1782,1782,17.82,17.82,0.0
1105901.IV.MSCL..HH,1105901,1903,1910,19.03,19.1,0.07
1105901.IV.MSRU..HH,1105901,1889,1895,18.89,18.95,0.06
1105901.IV.PLAC..HH,1105901,2209,2195,22.09,21.95,0.14
1105901.IV.SERS..HH,1105901,2090,2087,20.9,20.87,0.03
1105901.IV.SERS..HN,1105901,2028,2059,20.28,20.59,0.31
11062361.XO.AM05..EH,11062361,1823,1846,18.23,18.46,0.23
11062361.XO.AM05..HN,11062361,2045,2059,20.45,20.59,0.14
11062361.IV.ARVD..HH,11062361,1539,1542,15.39,15.42,0.03
11062361.IV.ATCC..EH,11062361,2171,2163,21.71,21.63,0.08
11062361.IV.ATCC..HN,11062361,2087,2091,20.87,20.91,0.04
11062361.IV.ATFO..HH,11062361,1571,1522,15.71,15.22,0.49
11062361.IV.ATFO..HN,11062361,1617,1663,16.17,16.63,0.46
11062361.IV.ATPI..EH,11062361,2065,2047,20.65,20.47,0.18
11062361.IV.ATVO..HH,11062361,1564,1559,15.64,15.59,0.05
11062361.IV.ATVO..HN,11062361,1588,4681,15.88,46.81,30.93
11062361.IV.BADI..EH,11062361,1866,3099,18.66,30.99,12.33
11062361.IV.CAMP..HH,11062361,1939,1939,19.39,19.39,0.0
11062361.IV.CESI..HH,11062361,1705,1658,17.05,16.58,0.47
11062361.IV.CESX..HH,11062361,1643,1639,16.43,16.39,0.04
11062361.IV.CING..HH,11062361,2034,2042,20.34,20.42,0.08
11062361.IV.CSP1..EH,11062361,2027,2023,20.27,20.23,0.04
11062361.IV.FDMO..HH,11062361,1620,146,16.2,1.46,14.74
11062361.IV.FEMA..HN,11062361,1687,1687,16.87,16.87,0.0
11062361.IV.FOSV..EH,11062361,2138,2139,21.38,21.39,0.01
11062361.IV.FOSV..HN,11062361,2109,2119,21.09,21.19,0.1
11062361.IV.FSSB..HH,11062361,1837,1848,18.37,18.48,0.11
11062361.IV.GAG1..HN,11062361,1975,2006,19.75,20.06,0.31
11062361.IV.GIGS..HH,11062361,1939,1931,19.39,19.31,0.08
11062361.IV.GUMA..HH,11062361,1964,1973,19.64,19.73,0.09
11062361.IV.GUMA..HN,11062361,1830,1835,18.3,18.35,0.05
11062361.IV.LNSS..HH,11062361,1919,1925,19.19,19.25,0.06
11062361.IV.MC2..EH,11062361,1598,1607,15.98,16.07,0.09
11062361.IV.MDAR..HN,11062361,1739,1735,17.39,17.35,0.04
11062361.IV.MOMA..HH,11062361,1705,1593,17.05,15.93,1.12
11062361.IV.MOMA..HN,11062361,1686,1678,16.86,16.78,0.08
11062361.IV.MPAG..EH,11062361,2340,2322,23.4,23.22,0.18
11062361.IV.MPAG..HN,11062361,2030,842,20.3,8.42,11.88
11062361.IV.MURB..HH,11062361,2189,2197,21.89,21.97,0.08
11062361.IV.MURB..HN,11062361,2021,2042,20.21,20.42,0.21
11062361.IV.NRCA..HH,11062361,1919,1813,19.19,18.13,1.06
11062361.IV.NRCA..HN,11062361,1923,1907,19.23,19.07,0.16
11062361.IV.OFFI..HH,11062361,1837,1834,18.37,18.34,0.03
11062361.IV.PE3..EH,11062361,2050,2027,20.5,20.27,0.23
11062361.IV.PIEI..HH,11062361,1989,2005,19.89,20.05,0.16
11062361.IV.PIEI..HN,11062361,2075,3114,20.75,31.14,10.39
11062361.IV.RM33..EH,11062361,1577,1586,15.77,15.86,0.09
11062361.IV.RM33..HN,11062361,1582,2482,15.82,24.82,9.0
11062361.IV.SEF1..HN,11062361,1741,1739,17.41,17.39,0.02
11062361.IV.SMA1..EH,11062361,2069,2071,20.69,20.71,0.02
11062361.IV.SNTG..HH,11062361,1798,1799,17.98,17.99,0.01
11062361.IV.SNTG..HN,11062361,1898,1906,18.98,19.06,0.08
11062361.IV.SSM1..HN,11062361,1959,1954,19.59,19.54,0.05
11062361.IV.T0110..HH,11062361,1714,1719,17.14,17.19,0.05
11062361.IV.T1211..EH,11062361,4918,4914,49.18,49.14,0.04
11062361.IV.T1211..HN,11062361,3079,3026,30.79,30.26,0.53
11062361.IV.T1215..EH,11062361,2430,2426,24.3,24.26,0.04
11062361.IV.T1215..HN,11062361,2083,2071,20.83,20.71,0.12
11062361.IV.T1216..EH,11062361,3521,3526,35.21,35.26,0.05
11062361.IV.T1216..HN,11062361,2005,2003,20.05,20.03,0.02
11062361.IV.T1218..EH,11062361,3479,3474,34.79,34.74,0.05
11062361.IV.T1218..HN,11062361,3095,3083,30.95,30.83,0.12
11062361.IV.T1219..EH,11062361,3593,3532,35.93,35.32,0.61
11062361.IV.T1219..HN,11062361,2154,2130,21.54,21.3,0.24
11062361.IV.T1221..EH,11062361,2732,2731,27.32,27.31,0.01
11062361.IV.T1221..HN,11062361,2413,2411,24.13,24.11,0.02
11062361.IV.T1241..HN,11062361,1895,2507,18.95,25.07,6.12
11062361.IV.T1243..HH,11062361,1728,1735,17.28,17.35,0.07
11062361.IV.T1243..HN,11062361,1673,1682,16.73,16.82,0.09
11062361.IV.T1245..HH,11062361,1732,1735,17.32,17.35,0.03
11062361.IV.T1245..HN,11062361,1761,1767,17.61,17.67,0.06
11062361.IV.T1256..HH,11062361,1641,1643,16.41,16.43,0.02
11062361.IV.T1256..HN,11062361,1597,1602,15.97,16.02,0.05
11072091.IV.CAMP..HH,11072091,1785,1783,17.85,17.83,0.02
11072091.IV.GIGS..HH,11072091,1761,1762,17.61,17.62,0.01
11072091.IV.LNSS..HH,11072091,1811,1810,18.11,18.1,0.01
11072091.IV.MMO1..EH,11072091,1825,1815,18.25,18.15,0.1
11072091.IV.MMO1..HN,11072091,1826,11714,18.26,117.14,98.88
11072091.IV.NRCA..HH,11072091,1816,1845,18.16,18.45,0.29
11072091.IV.NRCA..HN,11072091,1850,1866,18.5,18.66,0.16
11072091.IV.RM33..EH,11072091,1775,1782,17.75,17.82,0.07
11072091.IV.RM33..HN,11072091,1596,1587,15.96,15.87,0.09
11072091.IV.SMA1..EH,11072091,2092,2090,20.92,20.9,0.02
11072091.IV.T1215..EH,11072091,3807,4402,38.07,44.02,5.95
11072091.IV.T1215..HN,11072091,3845,4427,38.45,44.27,5.82
11072091.IV.T1218..EH,11072091,3725,3719,37.25,37.19,0.06
11072091.IV.T1218..HN,11072091,3297,10123,32.97,101.23,68.26
11072091.IV.T1219..EH,11072091,1762,1770,17.62,17.7,0.08
11072091.IV.T1219..HN,11072091,1903,1899,19.03,18.99,0.04
11072091.IV.T1243..HH,11072091,2010,2011,20.1,20.11,0.01
11072091.IV.T1243..HN,11072091,2070,2066,20.7,20.66,0.04
11072091.IV.T1246..HH,11072091,1648,1653,16.48,16.53,0.05
11072091.IV.T1247..HH,11072091,1960,1924,19.6,19.24,0.36
11072091.IV.T1299..EH,11072091,1953,1962,19.53,19.62,0.09
11072091.IV.T1299..HN,11072091,1886,1899,18.86,18.99,0.13
11072091.IV.TERO..HH,11072091,1680,1675,16.8,16.75,0.05
11072091.IV.TERO..HN,11072091,1675,1675,16.75,16.75,0.0
11072441.IV.CAMP..HH,11072441,1771,1763,17.71,17.63,0.08
11072441.IV.LNSS..HH,11072441,1625,1618,16.25,16.18,0.07
11072441.IV.NRCA..HH,11072441,1568,1569,15.68,15.69,0.01
11072441.IV.NRCA..HN,11072441,1673,1674,16.73,16.74,0.01
11072441.IV.RM33..EH,11072441,1820,1815,18.2,18.15,0.05
11072441.IV.RM33..HN,11072441,1803,1810,18.03,18.1,0.07
11072441.IV.SMA1..EH,11072441,2115,2106,21.15,21.06,0.09
11072441.IV.T1218..EH,11072441,3604,3603,36.04,36.03,0.01
11072441.IV.T1218..HN,11072441,4789,4779,47.89,47.79,0.1
11072441.IV.T1241..HN,11072441,1723,1730,17.23,17.3,0.07
11072441.IV.T1243..HH,11072441,1873,1867,18.73,18.67,0.06
11072441.IV.T1243..HN,11072441,1878,1874,18.78,18.74,0.04
11072441.IV.T1245..HN,11072441,1557,1554,15.57,15.54,0.03
11076521.IV.ARRO..EH,11076521,1750,265,17.5,2.65,14.85
11076521.IV.CAMP..HH,11076521,2039,2039,20.39,20.39,0.0
11076521.IV.CSP1..EH,11076521,2115,2114,21.15,21.14,0.01
11076521.IV.EL6..EH,11076521,1937,1922,19.37,19.22,0.15
11076521.IV.FAGN..HH,11076521,1653,1625,16.53,16.25,0.28
11076521.IV.FDMO..HH,11076521,1682,1698,16.82,16.98,0.16
11076521.IV.GIGS..HH,11076521,1646,1639,16.46,16.39,0.07
11076521.IV.GUMA..HH,11076521,1791,1778,17.91,17.78,0.13
11076521.IV.GUMA..HN,11076521,1768,7369,17.68,73.69,56.01
11076521.IV.LNSS..HH,11076521,2144,2138,21.44,21.38,0.06
11076521.IV.MC2..EH,11076521,1545,850,15.45,8.5,6.95
11076521.IV.MMO1..EH,11076521,1609,1625,16.09,16.25,0.16
11076521.IV.MMO1..HN,11076521,1587,10494,15.87,104.94,89.07
11076521.IV.NRCA..HH,11076521,1778,1757,17.78,17.57,0.21
11076521.IV.NRCA..HN,11076521,1927,1931,19.27,19.31,0.04
11076521.IV.RM33..EH,11076521,1964,1958,19.64,19.58,0.06
11076521.IV.RM33..HN,11076521,2025,2003,20.25,20.03,0.22
11076521.IV.SMA1..EH,11076521,1867,1867,18.67,18.67,0.0
11076521.IV.T0110..HH,11076521,1923,1931,19.23,19.31,0.08
11076521.IV.T1215..EH,11076521,1866,1866,18.66,18.66,0.0
11076521.IV.T1215..HN,11076521,4014,4011,40.14,40.11,0.03
11076521.IV.T1216..EH,11076521,2311,2314,23.11,23.14,0.03
11076521.IV.T1216..HN,11076521,2654,2658,26.54,26.58,0.04
11076521.IV.T1218..EH,11076521,2449,2450,24.49,24.5,0.01
11076521.IV.T1218..HN,11076521,2410,2402,24.1,24.02,0.08
11076521.IV.T1219..EH,11076521,2108,2098,21.08,20.98,0.1
11076521.IV.T1219..HN,11076521,2506,11273,25.06,112.73,87.67
11076521.IV.T1241..HN,11076521,1936,2434,19.36,24.34,4.98
11076521.IV.T1243..HH,11076521,1755,1751,17.55,17.51,0.04
11076521.IV.T1243..HN,11076521,1719,1715,17.19,17.15,0.04
11076521.IV.T1245..HH,11076521,2011,2007,20.11,20.07,0.04
11076521.IV.T1245..HN,11076521,1926,1950,19.26,19.5,0.24
11076521.IV.T1247..HH,11076521,1759,1682,17.59,16.82,0.77
11076521.IV.T1256..HH,11076521,1603,1611,16.03,16.11,0.08
11076521.IV.T1256..HN,11076521,1612,2346,16.12,23.46,7.34
11076521.IV.VCEL..EH,11076521,2174,2199,21.74,21.99,0.25
1107801.IV.HLNI..HH,1107801,1862,1866,18.62,18.66,0.04
1107801.IV.JOPP..HH,1107801,1914,1911,19.14,19.11,0.03
1107801.IV.JOPP..HN,1107801,1851,1895,18.51,18.95,0.44
1107801.IV.MPNC..HH,1107801,1946,1942,19.46,19.42,0.04
1107801.IV.MSCL..HH,1107801,1530,1526,15.3,15.26,0.04
1107801.IV.MSRU..HH,1107801,2130,2119,21.3,21.19,0.11
1107801.IV.PLAC..HH,1107801,1750,1747,17.5,17.47,0.03
1107801.IV.SOI..EH,1107801,1830,1810,18.3,18.1,0.2
11085571.IV.APEC..HH,11085571,1641,1579,16.41,15.79,0.62
11085571.IV.APEC..HN,11085571,1752,1674,17.52,16.74,0.78
11085571.IV.ARVD..HH,11085571,1794,1770,17.94,17.7,0.24
11085571.IV.ATCC..EH,11085571,1664,1684,16.64,16.84,0.2
11085571.IV.ATCC..HN,11085571,1639,1651,16.39,16.51,0.12
11085571.IV.ATFO..HH,11085571,1868,1818,18.68,18.18,0.5
11085571.IV.ATFO..HN,11085571,1862,1866,18.62,18.66,0.04
11085571.IV.ATLO..EH,11085571,1817,1818,18.17,18.18,0.01
11085571.IV.ATLO..HN,11085571,1839,1834,18.39,18.34,0.05
11085571.IV.ATMI..HH,11085571,1599,1625,15.99,16.25,0.26
11085571.IV.ATPC..HH,11085571,2100,2048,21.0,20.48,0.52
11085571.IV.ATPC..HN,11085571,1876,1875,18.76,18.75,0.01
11085571.IV.ATPI..EH,11085571,1937,1944,19.37,19.44,0.07
11085571.IV.ATSC..EH,11085571,1848,1818,18.48,18.18,0.3
11085571.IV.ATVO..HH,11085571,2076,2020,20.76,20.2,0.56
11085571.IV.ATVO..HN,11085571,1898,1895,18.98,18.95,0.03
11085571.IV.BADI..EH,11085571,1655,1669,16.55,16.69,0.14
11085571.IV.CAFI..HH,11085571,1789,1818,17.89,18.18,0.29
11085571.IV.CAFI..HN,11085571,1739,1762,17.39,17.62,0.23
11085571.IV.CESI..HH,11085571,1955,1960,19.55,19.6,0.05
11085571.IV.CING..HH,11085571,2044,2054,20.44,20.54,0.1
11085571.IV.CPGN..EH,11085571,1855,1859,18.55,18.59,0.04
11085571.IV.CPGN..HN,11085571,1852,1867,18.52,18.67,0.15
11085571.IV.CRE..HH,11085571,1882,1895,18.82,18.95,0.13
11085571.IV.CSP1..EH,11085571,1543,1554,15.43,15.54,0.11
11085571.IV.EL6..EH,11085571,1992,2003,19.92,20.03,0.11
11085571.IV.FDMO..HH,11085571,1778,1804,17.78,18.04,0.26
11085571.IV.FOSV..EH,11085571,1730,1738,17.3,17.38,0.08
11085571.IV.FRON..EH,11085571,1789,1802,17.89,18.02,0.13
11085571.IV.FSSB..HH,11085571,1719,1714,17.19,17.14,0.05
11085571.IV.LNSS..HH,11085571,1584,1555,15.84,15.55,0.29
11085571.IV.MPAG..EH,11085571,1660,1666,16.6,16.66,0.06
11085571.IV.MPAG..HN,11085571,1660,9713,16.6,97.13,80.53
11085571.IV.MURB..HH,11085571,1728,1725,17.28,17.25,0.03
11085571.IV.MURB..HN,11085571,1662,1615,16.62,16.15,0.47
11085571.IV.NRCA..HH,11085571,1675,1668,16.75,16.68,0.07
11085571.IV.NRCA..HN,11085571,1653,1666,16.53,16.66,0.13
11085571.IV.PE3..EH,11085571,1684,1703,16.84,17.03,0.19
11085571.IV.PIEI..HH,11085571,1682,1652,16.82,16.52,0.3
11085571.IV.PIEI..HN,11085571,1762,1763,17.62,17.63,0.01
11085571.IV.RUFI..EH,11085571,2102,6219,21.02,62.19,41.17
11085571.IV.SACS..HH,11085571,2030,2043,20.3,20.43,0.13
11085571.IV.SACS..HN,11085571,1934,1954,19.34,19.54,0.2
11085571.IV.SNTG..HH,11085571,1773,1797,17.73,17.97,0.24
11085571.IV.SNTG..HN,11085571,1703,1715,17.03,17.15,0.12
11085571.IV.SSFR..HH,11085571,1807,1786,18.07,17.86,0.21
11085571.IV.SSFR..HN,11085571,1695,1698,16.95,16.98,0.03
11085571.IV.SSP9..EH,11085571,1920,1929,19.2,19.29,0.09
11085571.IV.T1215..EH,11085571,3014,3011,30.14,30.11,0.03
11085571.IV.T1215..HN,11085571,2176,2167,21.76,21.67,0.09
11085571.IV.T1216..EH,11085571,1937,1942,19.37,19.42,0.05
11085571.IV.T1216..HN,11085571,1589,11625,15.89,116.25,100.36
11085571.IV.T1219..EH,11085571,3964,251,39.64,2.51,37.13
11085571.IV.T1219..HN,11085571,2258,2267,22.58,22.67,0.09
11085571.IV.T1241..EH,11085571,1716,1715,17.16,17.15,0.01
11085571.IV.T1241..HN,11085571,1680,1657,16.8,16.57,0.23
11085571.IV.T1243..HH,11085571,2153,2162,21.53,21.62,0.09
11085571.IV.T1243..HN,11085571,2104,2154,21.04,21.54,0.5
11085571.IV.T1245..HH,11085571,1839,1842,18.39,18.42,0.03
11085571.IV.T1245..HN,11085571,1873,1897,18.73,18.97,0.24
11085571.IV.T1256..HH,11085571,1634,2699,16.34,26.99,10.65
11085571.IV.T1256..HN,11085571,1626,2706,16.26,27.06,10.8
1108621.NI.CGRP..HH,1108621,2310,2311,23.1,23.11,0.01
1108621.IV.MAGA..HH,1108621,1912,1867,19.12,18.67,0.45
1108621.IV.NOVE..EH,1108621,1839,1862,18.39,18.62,0.23
1108621.IV.RAVA..EH,1108621,1823,1834,18.23,18.34,0.11
1108621.IV.ROVR..HH,1108621,1809,1815,18.09,18.15,0.06
1108621.IV.SALO..HH,1108621,2064,2198,20.64,21.98,1.34
1108621.IV.SERM..EH,1108621,1980,42,19.8,0.42,19.38
1108621.IV.SERM..HN,1108621,1939,1685,19.39,16.85,2.54
1108621.IV.T0800..HH,1108621,1973,1980,19.73,19.8,0.07
1108621.IV.T0800..HN,1108621,1950,1942,19.5,19.42,0.08
1108621.IV.T0802..HN,1108621,1875,1886,18.75,18.86,0.11
1108621.IV.T0805..HN,1108621,1862,1834,18.62,18.34,0.28
1108621.IV.T0819..EH,1108621,1868,1837,18.68,18.37,0.31
1108621.IV.T0819..HN,1108621,1980,1989,19.8,19.89,0.09
1108621.IV.T0822..EH,1108621,1639,1613,16.39,16.13,0.26
1108621.IV.T0825..EH,1108621,1953,1947,19.53,19.47,0.06
11091901.IV.CAMP..HH,11091901,1953,1959,19.53,19.59,0.06
11091901.IV.CSP1..EH,11091901,1687,1682,16.87,16.82,0.05
11091901.IV.FIAM..HH,11091901,1862,1930,18.62,19.3,0.68
11091901.IV.FIAM..HN,11091901,1855,11955,18.55,119.55,101.0
11091901.IV.GIGS..HH,11091901,1969,1970,19.69,19.7,0.01
11091901.IV.LNSS..HH,11091901,1586,1142,15.86,11.42,4.44
11091901.IV.MMO1..EH,11091901,1786,1815,17.86,18.15,0.29
11091901.IV.MMO1..HN,11091901,1819,9002,18.19,90.02,71.83
11091901.IV.NRCA..HH,11091901,1770,6213,17.7,62.13,44.43
11091901.IV.NRCA..HN,11091901,1703,1706,17.03,17.06,0.03
11091901.IV.RM33..EH,11091901,1994,2002,19.94,20.02,0.08
11091901.IV.RM33..HN,11091901,2000,1995,20.0,19.95,0.05
11091901.IV.T0110..HH,11091901,2161,2154,21.61,21.54,0.07
11091901.IV.T1211..EH,11091901,3493,3026,34.93,30.26,4.67
11091901.IV.T1211..HN,11091901,3803,3817,38.03,38.17,0.14
11091901.IV.T1215..EH,11091901,3653,3659,36.53,36.59,0.06
11091901.IV.T1215..HN,11091901,1545,10130,15.45,101.3,85.85
11091901.IV.T1218..EH,11091901,2647,1207,26.47,12.07,14.4
11091901.IV.T1218..HN,11091901,2994,1545,29.94,15.45,14.49
11091901.IV.T1241..EH,11091901,1907,1922,19.07,19.22,0.15
11091901.IV.T1243..HH,11091901,1720,1714,17.2,17.14,0.06
11091901.IV.T1243..HN,11091901,1623,1627,16.23,16.27,0.04
11091901.IV.T1245..HH,11091901,1902,7250,19.02,72.5,53.48
11091901.IV.T1245..HN,11091901,1973,7314,19.73,73.14,53.41
11091901.IV.T1246..HH,11091901,1871,1889,18.71,18.89,0.18
11091901.IV.T1256..HH,11091901,1925,9794,19.25,97.94,78.69
11091901.IV.T1256..HN,11091901,1882,11658,18.82,116.58,97.76
11091901.IV.T1299..EH,11091901,2007,1666,20.07,16.66,3.41
11091901.IV.T1299..HN,11091901,1948,1954,19.48,19.54,0.06
11091901.IV.TERO..HH,11091901,1657,1669,16.57,16.69,0.12
11091901.IV.TERO..HN,11091901,1793,1803,17.93,18.03,0.1
1109901.IV.BOB..HH,1109901,2228,2226,22.28,22.26,0.02
1109901.IV.BOB..HN,1109901,2030,2162,20.3,21.62,1.32
1109901.IV.BRMO..HH,1109901,1565,1655,15.65,16.55,0.9
1109901.NI.CGRP..HH,1109901,1739,1728,17.39,17.28,0.11
1109901.IV.CSNT..HH,1109901,1787,1794,17.87,17.94,0.07
1109901.GU.GORR..HH,1109901,2021,2154,20.21,21.54,1.33
1109901.IV.MABI..HH,1109901,1996,2101,19.96,21.01,1.05
1109901.IV.MAGA..HH,1109901,1877,1887,18.77,18.87,0.1
1109901.GU.MAIM..HH,1109901,1759,1826,17.59,18.26,0.67
1109901.IV.MODE..HN,1109901,2185,2475,21.85,24.75,2.9
1109901.IV.MSSA..HH,1109901,1680,1683,16.8,16.83,0.03
1109901.IV.NOVE..EH,1109901,1617,1562,16.17,15.62,0.55
1109901.GU.PCP..HH,1109901,1632,1618,16.32,16.18,0.14
1109901.IV.PLMA..HH,1109901,1855,1843,18.55,18.43,0.12
1109901.IV.RAVA..EH,1109901,1798,1797,17.98,17.97,0.01
1109901.IV.ROVR..HH,1109901,2028,2058,20.28,20.58,0.3
1109901.IV.SALO..HH,1109901,1898,1907,18.98,19.07,0.09
1109901.IV.SBPO..HH,1109901,2005,2034,20.05,20.34,0.29
1109901.IV.T0802..HN,1109901,1546,1555,15.46,15.55,0.09
1109901.IV.T0819..EH,1109901,1803,1797,18.03,17.97,0.06
1109901.IV.T0819..HN,1109901,1820,1782,18.2,17.82,0.38
1109901.IV.T0825..EH,1109901,1536,1482,15.36,14.82,0.54
1109901.IV.TEOL..HH,1109901,1673,1679,16.73,16.79,0.06
11115921.IV.ACER..HH,11115921,1745,1870,17.45,18.7,1.25
11115921.IV.ACER..HN,11115921,1787,1950,17.87,19.5,1.63
11115921.IV.AMUR..HH,11115921,2202,2162,22.02,21.62,0.4
11115921.IV.APRC..EH,11115921,1805,1809,18.05,18.09,0.04
11115921.IV.BSSO..HH,11115921,1967,1963,19.67,19.63,0.04
11115921.IV.BSSO..HN,11115921,1934,2155,19.34,21.55,2.21
11115921.IV.CAFE..HH,11115921,2167,2247,21.67,22.47,0.8
11115921.IV.CAFE..HN,11115921,1957,2090,19.57,20.9,1.33
11115921.IV.CAPA..HH,11115921,2019,2016,20.19,20.16,0.03
11115921.IV.CIGN..HH,11115921,2012,2018,20.12,20.18,0.06
11115921.IV.FRES..HH,11115921,1711,1721,17.11,17.21,0.1
11115921.IV.GATE..HH,11115921,2027,1966,20.27,19.66,0.61
11115921.IV.GATE..HN,11115921,1961,2023,19.61,20.23,0.62
11115921.IV.INTR..HH,11115921,1684,1783,16.84,17.83,0.99
11115921.IV.INTR..HN,11115921,1682,1783,16.82,17.83,1.01
11115921.IV.LRP..HH,11115921,1886,1927,18.86,19.27,0.41
11115921.IV.LTRZ..EH,11115921,1721,1723,17.21,17.23,0.02
11115921.IV.MELA..HH,11115921,1670,1667,16.7,16.67,0.03
11115921.IV.MELA..HN,11115921,1667,1655,16.67,16.55,0.12
11115921.IV.MIGL..HH,11115921,1651,1825,16.51,18.25,1.74
11115921.IV.MOCO..HH,11115921,1630,1638,16.3,16.38,0.08
11115921.IV.MOCO..HN,11115921,1753,1769,17.53,17.69,0.16
11115921.IV.MRLC..HH,11115921,1655,1762,16.55,17.62,1.07
11115921.IV.MRLC..HN,11115921,1587,1674,15.87,16.74,0.87
11115921.IV.MRVN..HH,11115921,1759,1780,17.59,17.8,0.21
11115921.IV.MSAG..HH,11115921,1735,1738,17.35,17.38,0.03
11115921.IV.MSAG..HN,11115921,2148,2178,21.48,21.78,0.3
11115921.IV.NOCI..HH,11115921,2002,2285,20.02,22.85,2.83
11115921.IV.PALZ..HH,11115921,1978,2048,19.78,20.48,0.7
11115921.IV.RNI2..HH,11115921,1953,2142,19.53,21.42,1.89
11115921.IV.RNI2..HN,11115921,2036,2215,20.36,22.15,1.79
11115921.IV.SACR..HH,11115921,1776,1775,17.76,17.75,0.01
11115921.IV.SACR..HN,11115921,1957,1991,19.57,19.91,0.34
11115921.IV.SGRT..HH,11115921,2077,2042,20.77,20.42,0.35
11115921.IV.SGTA..HH,11115921,2010,2047,20.1,20.47,0.37
11115921.IV.SGTA..HN,11115921,2100,2219,21.0,22.19,1.19
11115921.IV.T0110..HH,11115921,1960,2018,19.6,20.18,0.58
11115921.IV.TRIV..HH,11115921,1977,1971,19.77,19.71,0.06
11115921.IV.TRIV..HN,11115921,1914,8913,19.14,89.13,69.99
11115921.IV.VAGA..HH,11115921,1519,1585,15.19,15.85,0.66
11115921.IV.VAGA..HN,11115921,1921,11955,19.21,119.55,100.34
11115921.IV.VULT..HH,11115921,2120,2198,21.2,21.98,0.78
11115921.IV.VULT..HN,11115921,1982,2114,19.82,21.14,1.32
11124111.IV.CESI..HH,11124111,1807,1785,18.07,17.85,0.22
11124111.IV.CSP1..EH,11124111,1791,1802,17.91,18.02,0.11
11124111.IV.EL6..EH,11124111,2051,2034,20.51,20.34,0.17
11124111.IV.FDMO..HH,11124111,1889,1891,18.89,18.91,0.02
11124111.IV.GIGS..HH,11124111,1648,1639,16.48,16.39,0.09
11124111.IV.GUMA..HH,11124111,2003,2002,20.03,20.02,0.01
11124111.IV.GUMA..HN,11124111,2002,2002,20.02,20.02,0.0
11124111.IV.LNSS..HH,11124111,1791,1809,17.91,18.09,0.18
11124111.IV.MC2..EH,11124111,1921,1866,19.21,18.66,0.55
11124111.IV.NRCA..HH,11124111,1632,1621,16.32,16.21,0.11
11124111.IV.NRCA..HN,11124111,1588,1587,15.88,15.87,0.01
11124111.IV.OFFI..HH,11124111,1980,9941,19.8,99.41,79.61
11124111.IV.RM33..EH,11124111,1809,1810,18.09,18.1,0.01
11124111.IV.RM33..HN,11124111,1753,11175,17.53,111.75,94.22
11124111.IV.SMA1..EH,11124111,1741,1731,17.41,17.31,0.1
11124111.IV.SNTG..HH,11124111,1882,1858,18.82,18.58,0.24
11124111.IV.SNTG..HN,11124111,1892,2522,18.92,25.22,6.3
11124111.IV.T1215..EH,11124111,2106,2099,21.06,20.99,0.07
11124111.IV.T1215..HN,11124111,3525,3554,35.25,35.54,0.29
11124111.IV.T1216..EH,11124111,1936,1943,19.36,19.43,0.07
11124111.IV.T1216..HN,11124111,3607,3627,36.07,36.27,0.2
11124111.IV.T1218..EH,11124111,3429,3411,34.29,34.11,0.18
11124111.IV.T1218..HN,11124111,4215,4203,42.15,42.03,0.12
11124111.IV.T1219..EH,11124111,4065,4055,40.65,40.55,0.1
11124111.IV.T1219..HN,11124111,3392,3394,33.92,33.94,0.02
1112451.GU.BHB..HH,1112451,2121,2230,21.21,22.3,1.09
1112451.GU.FINB..HH,1112451,1877,1887,18.77,18.87,0.1
1112451.GU.NEGI..HH,1112451,1846,1966,18.46,19.66,1.2
1112451.GU.PCP..HH,1112451,1952,2005,19.52,20.05,0.53
1112451.GU.PZZ..HH,1112451,1914,1958,19.14,19.58,0.44
1112451.GU.RORO..HH,1112451,2044,2043,20.44,20.43,0.01
1112451.GU.STV..HH,1112451,1823,1989,18.23,19.89,1.66
1112611.IV.ARVD..HH,1112611,2057,2697,20.57,26.97,6.4
1112611.IV.ATBU..EH,1112611,2082,2082,20.82,20.82,0.0
1112611.IV.ATCC..EH,1112611,1794,1803,17.94,18.03,0.09
1112611.IV.ATMC..EH,1112611,1937,1930,19.37,19.3,0.07
1112611.IV.ATMI..HH,1112611,1817,1826,18.17,18.26,0.09
1112611.IV.ATPC..HH,1112611,2023,2024,20.23,20.24,0.01
1112611.IV.ATPC..HN,1112611,1968,1963,19.68,19.63,0.05
1112611.IV.ATPI..EH,1112611,1687,1686,16.87,16.86,0.01
1112611.IV.ATVA..EH,1112611,1803,1831,18.03,18.31,0.28
1112611.IV.ATVO..HH,1112611,1992,1994,19.92,19.94,0.02
1112611.IV.BADI..EH,1112611,1803,1754,18.03,17.54,0.49
1112611.IV.CAFI..HH,1112611,1745,1746,17.45,17.46,0.01
1112611.IV.CAFI..HN,1112611,1761,1771,17.61,17.71,0.1
1112611.IV.CDCA..EH,1112611,1755,1760,17.55,17.6,0.05
1112611.IV.CDCA..HN,1112611,1614,1589,16.14,15.89,0.25
1112611.IV.CPGN..EH,1112611,2037,2046,20.37,20.46,0.09
1112611.IV.CPGN..HN,1112611,1955,1943,19.55,19.43,0.12
1112611.IV.CRE..HH,1112611,1982,1990,19.82,19.9,0.08
1112611.IV.FDMO..HH,1112611,2045,2066,20.45,20.66,0.21
1112611.IV.FRON..EH,1112611,1980,2417,19.8,24.17,4.37
1112611.IV.FSSB..HH,1112611,1648,1657,16.48,16.57,0.09
1112611.IV.MGAB..HH,1112611,1559,1577,15.59,15.77,0.18
1112611.IV.MGAB..HN,1112611,1578,1602,15.78,16.02,0.24
1112611.IV.MPAG..EH,1112611,1895,1879,18.95,18.79,0.16
1112611.IV.MPAG..HN,1112611,1651,8647,16.51,86.47,69.96
1112611.IV.MURB..HH,1112611,1639,1638,16.39,16.38,0.01
1112611.IV.MURB..HN,1112611,1578,1570,15.78,15.7,0.08
1112611.IV.NARO..HH,1112611,2048,2010,20.48,20.1,0.38
1112611.IV.PARC..HH,1112611,1735,1734,17.35,17.34,0.01
1112611.IV.PE3..EH,1112611,1583,1577,15.83,15.77,0.06
1112611.IV.PIEI..HH,1112611,1950,1956,19.5,19.56,0.06
1112611.IV.SNTG..HH,1112611,1846,1842,18.46,18.42,0.04
1112611.IV.SNTG..HN,1112611,1823,7687,18.23,76.87,58.64
1112611.IV.SSP9..EH,1112611,1992,1996,19.92,19.96,0.04
1113431.IV.ATBU..EH,1113431,2030,2037,20.3,20.37,0.07
1113431.IV.ATPC..HH,1113431,1668,1666,16.68,16.66,0.02
1113431.IV.ATPC..HN,1113431,1693,1694,16.93,16.94,0.01
1113431.IV.ATPI..EH,1113431,2007,2018,20.07,20.18,0.11
1113431.IV.ATVO..HH,1113431,1737,1730,17.37,17.3,0.07
1113431.IV.MURB..HH,1113431,1876,1877,18.76,18.77,0.01
1113431.IV.MURB..HN,1113431,1875,850,18.75,8.5,10.25
1113431.IV.PIEI..HH,1113431,1912,1907,19.12,19.07,0.05
11138771.IV.AOI..HH,11138771,1821,1815,18.21,18.15,0.06
11138771.IV.ARRO..EH,11138771,1907,1914,19.07,19.14,0.07
11138771.IV.ARVD..HH,11138771,1810,1814,18.1,18.14,0.04
11138771.IV.ASSB..HH,11138771,1982,1930,19.82,19.3,0.52
11138771.IV.ATCC..EH,11138771,2230,2228,22.3,22.28,0.02
11138771.IV.ATCC..HN,11138771,2002,2003,20.02,20.03,0.01
11138771.IV.ATFO..HH,11138771,1796,1794,17.96,17.94,0.02
11138771.IV.ATFO..HN,11138771,1614,1618,16.14,16.18,0.04
11138771.IV.ATLO..EH,11138771,1589,1590,15.89,15.9,0.01
11138771.IV.ATLO..HN,11138771,1603,1610,16.03,16.1,0.07
11138771.IV.ATMC..EH,11138771,1916,1858,19.16,18.58,0.58
11138771.IV.ATPC..HH,11138771,1780,1798,17.8,17.98,0.18
11138771.IV.ATPC..HN,11138771,1919,1963,19.19,19.63,0.44
11138771.IV.ATPI..EH,11138771,1821,1830,18.21,18.3,0.09
11138771.IV.ATSC..EH,11138771,2123,2133,21.23,21.33,0.1
11138771.IV.ATVA..EH,11138771,1614,1619,16.14,16.19,0.05
11138771.IV.ATVO..HH,11138771,2056,2058,20.56,20.58,0.02
11138771.IV.ATVO..HN,11138771,1789,1803,17.89,18.03,0.14
11138771.IV.BADI..EH,11138771,1698,2925,16.98,29.25,12.27
11138771.IV.CAFI..HH,11138771,1762,1763,17.62,17.63,0.01
11138771.IV.CAFI..HN,11138771,1714,1730,17.14,17.3,0.16
11138771.IV.CAMP..HH,11138771,1632,1636,16.32,16.36,0.04
11138771.IV.CESI..HH,11138771,1565,1498,15.65,14.98,0.67
11138771.IV.CESX..HH,11138771,1735,1743,17.35,17.43,0.08
11138771.IV.CING..HH,11138771,2089,2084,20.89,20.84,0.05
11138771.IV.COR1..EH,11138771,1884,1894,18.84,18.94,0.1
11138771.IV.CSP1..EH,11138771,1641,1563,16.41,15.63,0.78
11138771.IV.FAGN..HH,11138771,1655,1653,16.55,16.53,0.02
11138771.IV.FDMO..HH,11138771,1726,279,17.26,2.79,14.47
11138771.IV.FEMA..HN,11138771,1903,1903,19.03,19.03,0.0
11138771.IV.FIAM..HH,11138771,1811,1794,18.11,17.94,0.17
11138771.IV.FIAM..HN,11138771,1748,1707,17.48,17.07,0.41
11138771.IV.FIU1..HN,11138771,1989,1971,19.89,19.71,0.18
11138771.IV.FRON..EH,11138771,1771,1778,17.71,17.78,0.07
11138771.IV.FSSB..HH,11138771,1943,1933,19.43,19.33,0.1
11138771.IV.GAG1..HN,11138771,1721,1730,17.21,17.3,0.09
11138771.IV.GIGS..HH,11138771,1914,1939,19.14,19.39,0.25
11138771.IV.GUMA..HH,11138771,1762,1760,17.62,17.6,0.02
11138771.IV.GUMA..HN,11138771,1659,1655,16.59,16.55,0.04
11138771.IV.LNSS..HH,11138771,1698,1722,16.98,17.22,0.24
11138771.IV.MC2..EH,11138771,2166,2166,21.66,21.66,0.0
11138771.IV.MDAR..HN,11138771,1845,1847,18.45,18.47,0.02
11138771.IV.MGAB..HH,11138771,1800,1809,18.0,18.09,0.09
11138771.IV.MMO1..EH,11138771,1769,1767,17.69,17.67,0.02
11138771.IV.MMO1..HN,11138771,1717,1715,17.17,17.15,0.02
11138771.IV.MMUR..HN,11138771,1864,1859,18.64,18.59,0.05
11138771.IV.MNTP..HN,11138771,2075,2082,20.75,20.82,0.07
11138771.IV.MTL1..HN,11138771,1553,1543,15.53,15.43,0.1
11138771.IV.MURB..HH,11138771,1955,1962,19.55,19.62,0.07
11138771.IV.MURB..HN,11138771,1878,1875,18.78,18.75,0.03
11138771.IV.NRCA..HH,11138771,1943,1956,19.43,19.56,0.13
11138771.IV.NRCA..HN,11138771,1978,1986,19.78,19.86,0.08
11138771.IV.OFFI..HH,11138771,1610,1645,16.1,16.45,0.35
11138771.IV.PARC..HH,11138771,1848,1990,18.48,19.9,1.42
11138771.IV.PIEI..HH,11138771,1852,1850,18.52,18.5,0.02
11138771.IV.PIEI..HN,11138771,1778,2850,17.78,28.5,10.72
11138771.IV.RM33..EH,11138771,1595,1606,15.95,16.06,0.11
11138771.IV.RM33..HN,11138771,1662,1675,16.62,16.75,0.13
11138771.IV.SACS..HH,11138771,2037,2073,20.37,20.73,0.36
11138771.IV.SACS..HN,11138771,1828,1858,18.28,18.58,0.3
11138771.IV.SEF1..HN,11138771,1809,1803,18.09,18.03,0.06
11138771.IV.SNTG..HH,11138771,2107,2098,21.07,20.98,0.09
11138771.IV.SNTG..HN,11138771,1994,2003,19.94,20.03,0.09
11138771.IV.SSFR..HH,11138771,1932,1945,19.32,19.45,0.13
11138771.IV.SSFR..HN,11138771,1837,1824,18.37,18.24,0.13
11138771.IV.SSM1..HN,11138771,1861,1863,18.61,18.63,0.02
11138771.IV.T0110..HH,11138771,1980,1920,19.8,19.2,0.6
11138771.IV.T1201..HN,11138771,2041,2035,20.41,20.35,0.06
11138771.IV.T1202..EH,11138771,1582,410,15.82,4.1,11.72
11138771.IV.T1204..EH,11138771,1803,1812,18.03,18.12,0.09
11138771.IV.T1211..EH,11138771,3472,3463,34.72,34.63,0.09
11138771.IV.T1211..HN,11138771,4735,4747,47.35,47.47,0.12
11138771.IV.T1212..EH,11138771,3456,3458,34.56,34.58,0.02
11138771.IV.T1212..HN,11138771,2253,2259,22.53,22.59,0.06
11138771.IV.T1213..EH,11138771,2630,2645,26.3,26.45,0.15
11138771.IV.T1213..HN,11138771,1839,1858,18.39,18.58,0.19
11138771.IV.T1215..EH,11138771,2328,2332,23.28,23.32,0.04
11138771.IV.T1215..HN,11138771,5234,5184,52.34,51.84,0.5
11138771.IV.T1216..EH,11138771,2093,2042,20.93,20.42,0.51
11138771.IV.T1216..HN,11138771,1950,1951,19.5,19.51,0.01
11138771.IV.T1217..EH,11138771,2184,2183,21.84,21.83,0.01
11138771.IV.T1217..HN,11138771,4254,4243,42.54,42.43,0.11
11138771.IV.T1218..EH,11138771,1830,1835,18.3,18.35,0.05
11138771.IV.T1218..HN,11138771,4141,347,41.41,3.47,37.94
11138771.IV.T1219..EH,11138771,3565,1282,35.65,12.82,22.83
11138771.IV.T1219..HN,11138771,4894,4886,48.94,48.86,0.08
11138771.IV.T1221..EH,11138771,2517,2464,25.17,24.64,0.53
11138771.IV.T1221..HN,11138771,3957,3955,39.57,39.55,0.02
11138771.IV.T1241..EH,11138771,1876,1879,18.76,18.79,0.03
11138771.IV.T1241..HN,11138771,1887,1899,18.87,18.99,0.12
11138771.IV.T1243..HH,11138771,1744,1766,17.44,17.66,0.22
11138771.IV.T1243..HN,11138771,1588,1607,15.88,16.07,0.19
11138771.IV.T1244..EH,11138771,1552,1572,15.52,15.72,0.2
11138771.IV.T1244..HN,11138771,1553,1554,15.53,15.54,0.01
11138771.IV.T1245..HH,11138771,1857,1866,18.57,18.66,0.09
11138771.IV.T1245..HN,11138771,1812,1819,18.12,18.19,0.07
11138771.IV.T1246..HH,11138771,1870,1866,18.7,18.66,0.04
11138771.IV.T1256..HH,11138771,1744,274,17.44,2.74,14.7
11138771.IV.T1256..HN,11138771,1711,1711,17.11,17.11,0.0
11138771.IV.T1299..EH,11138771,1752,1748,17.52,17.48,0.04
11138771.IV.T1299..HN,11138771,1662,1666,16.62,16.66,0.04
11138771.IV.TERO..HH,11138771,2101,2114,21.01,21.14,0.13
11138771.IV.TERO..HN,11138771,2041,2055,20.41,20.55,0.14
11138771.IV.VCEL..EH,11138771,1786,1810,17.86,18.1,0.24
11148431.IV.ARVD..HH,11148431,1827,1861,18.27,18.61,0.34
11148431.IV.ATCC..EH,11148431,1873,1890,18.73,18.9,0.17
11148431.IV.ATCC..HN,11148431,1943,1963,19.43,19.63,0.2
11148431.IV.ATVO..HH,11148431,1730,1715,17.3,17.15,0.15
11148431.IV.CAMP..HH,11148431,1995,1991,19.95,19.91,0.04
11148431.IV.CESI..HH,11148431,1636,1634,16.36,16.34,0.02
11148431.IV.CING..HH,11148431,1810,1810,18.1,18.1,0.0
11148431.IV.EL6..EH,11148431,1870,1879,18.7,18.79,0.09
11148431.IV.FEMA..HN,11148431,2021,2023,20.21,20.23,0.02
11148431.IV.FOSV..EH,11148431,1821,1819,18.21,18.19,0.02
11148431.IV.FOSV..HN,11148431,1830,1867,18.3,18.67,0.37
11148431.IV.GUMA..HH,11148431,1796,1789,17.96,17.89,0.07
11148431.IV.GUMA..HN,11148431,1759,1751,17.59,17.51,0.08
11148431.IV.LNSS..HH,11148431,1526,1527,15.26,15.27,0.01
11148431.IV.MMO1..EH,11148431,1777,1785,17.77,17.85,0.08
11148431.IV.MMO1..HN,11148431,1691,7338,16.91,73.38,56.47
11148431.IV.MPAG..EH,11148431,2126,2098,21.26,20.98,0.28
11148431.IV.MPAG..HN,11148431,2023,4810,20.23,48.1,27.87
11148431.IV.NRCA..HH,11148431,1666,1573,16.66,15.73,0.93
11148431.IV.NRCA..HN,11148431,1746,1737,17.46,17.37,0.09
11148431.IV.PIEI..HH,11148431,2059,2066,20.59,20.66,0.07
11148431.IV.PIEI..HN,11148431,1980,3147,19.8,31.47,11.67
11148431.IV.RM33..EH,11148431,1866,1874,18.66,18.74,0.08
11148431.IV.RM33..HN,11148431,1837,4665,18.37,46.65,28.28
11148431.IV.SNTG..HH,11148431,2126,2123,21.26,21.23,0.03
11148431.IV.SNTG..HN,11148431,2003,2519,20.03,25.19,5.16
11148431.IV.SSFR..HH,11148431,1612,1645,16.12,16.45,0.33
11148431.IV.SSFR..HN,11148431,1618,1675,16.18,16.75,0.57
11148431.IV.T1215..EH,11148431,2185,2128,21.85,21.28,0.57
11148431.IV.T1215..HN,11148431,1932,1931,19.32,19.31,0.01
11148431.IV.T1216..EH,11148431,2820,2818,28.2,28.18,0.02
11148431.IV.T1216..HN,11148431,2250,2247,22.5,22.47,0.03
11148431.IV.T1218..EH,11148431,2512,1163,25.12,11.63,13.49
11148431.IV.T1218..HN,11148431,2627,1266,26.27,12.66,13.61
11148431.IV.T1241..HN,11148431,2045,2089,20.45,20.89,0.44
11148431.IV.T1243..HH,11148431,1862,1863,18.62,18.63,0.01
11148431.IV.T1243..HN,11148431,1820,1833,18.2,18.33,0.13
11148431.IV.T1245..HH,11148431,1673,1666,16.73,16.66,0.07
11148431.IV.T1245..HN,11148431,1757,1746,17.57,17.46,0.11
11148431.IV.T1256..HH,11148431,2034,2034,20.34,20.34,0.0
11148431.IV.T1256..HN,11148431,1911,1927,19.11,19.27,0.16
11148431.IV.TERO..HH,11148431,1727,1730,17.27,17.3,0.03
11148431.IV.TERO..HN,11148431,1970,1961,19.7,19.61,0.09
1114851.IV.IVPL..HH,1114851,1668,1670,16.68,16.7,0.02
1114851.IV.JOPP..HH,1114851,1773,1780,17.73,17.8,0.07
1114851.IV.JOPP..HN,1114851,1826,1831,18.26,18.31,0.05
1114851.IV.MCSR..HH,1114851,1855,1862,18.55,18.62,0.07
1114851.IV.MPNC..HH,1114851,1955,1969,19.55,19.69,0.14
1114851.IV.MSCL..HH,1114851,1878,1896,18.78,18.96,0.18
1114851.IV.MSFR..HH,1114851,2086,2023,20.86,20.23,0.63
1114851.IV.NOV..HH,1114851,1582,1546,15.82,15.46,0.36
11154271.IV.ARVD..HH,11154271,1618,2502,16.18,25.02,8.84
11154271.IV.ATCC..HN,11154271,1866,1866,18.66,18.66,0.0
11154271.IV.CESI..HH,11154271,1675,1674,16.75,16.74,0.01
11154271.IV.CING..HH,11154271,1721,1721,17.21,17.21,0.0
11154271.IV.CSP1..EH,11154271,1566,1575,15.66,15.75,0.09
11154271.IV.EL6..EH,11154271,1693,1715,16.93,17.15,0.22
11154271.IV.FDMO..HH,11154271,1901,1900,19.01,19.0,0.01
11154271.IV.FEMA..HN,11154271,1752,1747,17.52,17.47,0.05
11154271.IV.FOSV..EH,11154271,1627,1578,16.27,15.78,0.49
11154271.IV.FOSV..HN,11154271,1573,946,15.73,9.46,6.27
11154271.IV.GUMA..HH,11154271,1769,1769,17.69,17.69,0.0
11154271.IV.GUMA..HN,11154271,1627,1650,16.27,16.5,0.23
11154271.IV.MC2..EH,11154271,1907,1911,19.07,19.11,0.04
11154271.IV.MMO1..HN,11154271,1760,3914,17.6,39.14,21.54
11154271.IV.PIEI..HH,11154271,2079,2090,20.79,20.9,0.11
11154271.IV.PIEI..HN,11154271,2088,3154,20.88,31.54,10.66
11154271.IV.SNTG..HH,11154271,1877,1826,18.77,18.26,0.51
11154271.IV.SNTG..HN,11154271,1632,1642,16.32,16.42,0.1
11154271.IV.SSFR..HH,11154271,1703,8909,17.03,89.09,72.06
11154271.IV.SSFR..HN,11154271,1677,7706,16.77,77.06,60.29
11154271.IV.T1215..EH,11154271,2236,2247,22.36,22.47,0.11
11154271.IV.T1215..HN,11154271,3004,3466,30.04,34.66,4.62
11154271.IV.T1216..EH,11154271,2440,2443,24.4,24.43,0.03
11154271.IV.T1216..HN,11154271,3525,3531,35.25,35.31,0.06
11154271.IV.T1219..EH,11154271,4175,4194,41.75,41.94,0.19
11154271.IV.T1219..HN,11154271,3306,3307,33.06,33.07,0.01
11154271.IV.T1241..EH,11154271,1971,1970,19.71,19.7,0.01
11154271.IV.T1245..HH,11154271,1823,1810,18.23,18.1,0.13
11154271.IV.T1245..HN,11154271,1768,1774,17.68,17.74,0.06
11154271.IV.T1256..HH,11154271,1623,1626,16.23,16.26,0.03
11154271.IV.T1256..HN,11154271,1667,1675,16.67,16.75,0.08
11178041.IV.CESI..HH,11178041,1798,1802,17.98,18.02,0.04
11178041.IV.CSP1..EH,11178041,1561,1547,15.61,15.47,0.14
11178041.IV.FDMO..HH,11178041,1746,1745,17.46,17.45,0.01
11178041.IV.GIGS..HH,11178041,2007,2018,20.07,20.18,0.11
11178041.IV.GUMA..HH,11178041,1686,1698,16.86,16.98,0.12
11178041.IV.GUMA..HN,11178041,1639,11658,16.39,116.58,100.19
11178041.IV.LNSS..HH,11178041,1803,146,18.03,1.46,16.57
11178041.IV.MMO1..EH,11178041,1648,1653,16.48,16.53,0.05
11178041.IV.MMO1..HN,11178041,1668,1674,16.68,16.74,0.06
11178041.IV.NRCA..HH,11178041,1943,217,19.43,2.17,17.26
11178041.IV.NRCA..HN,11178041,1793,1783,17.93,17.83,0.1
11178041.IV.RM33..EH,11178041,1989,1986,19.89,19.86,0.03
11178041.IV.RM33..HN,11178041,1739,1739,17.39,17.39,0.0
11178041.IV.T1215..EH,11178041,2637,770,26.37,7.7,18.67
11178041.IV.T1215..HN,11178041,5051,5058,50.51,50.58,0.07
11178041.IV.T1216..EH,11178041,1803,1795,18.03,17.95,0.08
11178041.IV.T1216..HN,11178041,3243,3239,32.43,32.39,0.04
11178041.IV.T1218..EH,11178041,3104,3107,31.04,31.07,0.03
11178041.IV.T1218..HN,11178041,2061,2066,20.61,20.66,0.05
11178041.IV.T1219..EH,11178041,1802,1799,18.02,17.99,0.03
11178041.IV.T1219..HN,11178041,1705,1687,17.05,16.87,0.18
11178041.IV.T1241..EH,11178041,2048,2042,20.48,20.42,0.06
11178041.IV.T1243..HH,11178041,1762,267,17.62,2.67,14.95
11178041.IV.T1243..HN,11178041,1766,1771,17.66,17.71,0.05
11178041.IV.T1245..HH,11178041,1776,103,17.76,1.03,16.73
11178041.IV.T1245..HN,11178041,1721,1715,17.21,17.15,0.06
11178041.IV.T1247..HH,11178041,1617,1610,16.17,16.1,0.07
11178041.IV.T1256..HH,11178041,2049,155,20.49,1.55,18.94
11178041.IV.T1256..HN,11178041,1945,50,19.45,0.5,18.95
11189011.IV.CAMP..HH,11189011,1803,1803,18.03,18.03,0.0
11189011.IV.CSP1..EH,11189011,1920,1923,19.2,19.23,0.03
11189011.IV.FAGN..HH,11189011,1644,1753,16.44,17.53,1.09
11189011.IV.FDMO..HH,11189011,1746,135,17.46,1.35,16.11
11189011.IV.FIAM..HH,11189011,1598,1622,15.98,16.22,0.24
11189011.IV.FIAM..HN,11189011,1712,2250,17.12,22.5,5.38
11189011.IV.GIGS..HH,11189011,1753,1747,17.53,17.47,0.06
11189011.IV.GUMA..HH,11189011,1775,1786,17.75,17.86,0.11
11189011.IV.GUMA..HN,11189011,1798,4482,17.98,44.82,26.84
11189011.IV.LNSS..HH,11189011,1680,1678,16.8,16.78,0.02
11189011.IV.MMO1..EH,11189011,1994,1995,19.94,19.95,0.01
11189011.IV.MMO1..HN,11189011,1984,8313,19.84,83.13,63.29
11189011.IV.NRCA..HH,11189011,1941,1950,19.41,19.5,0.09
11189011.IV.NRCA..HN,11189011,2000,1986,20.0,19.86,0.14
11189011.IV.OFFI..HH,11189011,1839,1855,18.39,18.55,0.16
11189011.IV.RM33..EH,11189011,1905,1899,19.05,18.99,0.06
11189011.IV.RM33..HN,11189011,1845,1835,18.45,18.35,0.1
11189011.IV.SMA1..EH,11189011,1826,1829,18.26,18.29,0.03
11189011.IV.SNTG..HH,11189011,1590,1586,15.9,15.86,0.04
11189011.IV.SNTG..HN,11189011,1621,5038,16.21,50.38,34.17
11189011.IV.T1215..EH,11189011,2270,2259,22.7,22.59,0.11
11189011.IV.T1215..HN,11189011,2662,2690,26.62,26.9,0.28
11189011.IV.T1216..EH,11189011,2470,2475,24.7,24.75,0.05
11189011.IV.T1216..HN,11189011,4747,4778,47.47,47.78,0.31
11189011.IV.T1218..EH,11189011,3725,3718,37.25,37.18,0.07
11189011.IV.T1218..HN,11189011,1757,1746,17.57,17.46,0.11
11189011.IV.T1219..EH,11189011,1887,738,18.87,7.38,11.49
11189011.IV.T1219..HN,11189011,2876,1730,28.76,17.3,11.46
11189011.IV.T1241..EH,11189011,1666,1667,16.66,16.67,0.01
11189011.IV.T1243..HH,11189011,1810,1810,18.1,18.1,0.0
11189011.IV.T1243..HN,11189011,1759,1747,17.59,17.47,0.12
11189011.IV.T1245..HH,11189011,1648,1650,16.48,16.5,0.02
11189011.IV.T1245..HN,11189011,1639,427,16.39,4.27,12.12
11189011.IV.T1247..HH,11189011,1937,1953,19.37,19.53,0.16
11189011.IV.T1256..HH,11189011,1964,9330,19.64,93.3,73.66
11189011.IV.TERO..HH,11189011,1682,1685,16.82,16.85,0.03
11189011.IV.TERO..HN,11189011,2021,2003,20.21,20.03,0.18
11189011.IV.VCEL..EH,11189011,1920,1911,19.2,19.11,0.09
11190131.IV.ATCC..EH,11190131,1837,1844,18.37,18.44,0.07
11190131.IV.ATCC..HN,11190131,1820,1810,18.2,18.1,0.1
11190131.IV.CERT..HH,11190131,1907,1907,19.07,19.07,0.0
11190131.IV.CESI..HH,11190131,1969,1973,19.69,19.73,0.04
11190131.IV.CESX..HH,11190131,1996,8306,19.96,83.06,63.1
11190131.IV.CSP1..EH,11190131,1921,8194,19.21,81.94,62.73
11190131.IV.EL6..EH,11190131,1626,1648,16.26,16.48,0.22
11190131.IV.FDMO..HH,11190131,1787,1779,17.87,17.79,0.08
11190131.IV.FIAM..HH,11190131,2052,2050,20.52,20.5,0.02
11190131.IV.FIAM..HN,11190131,2136,2139,21.36,21.39,0.03
11190131.IV.LNSS..HH,11190131,1780,1779,17.8,17.79,0.01
11190131.IV.MC2..EH,11190131,1707,1714,17.07,17.14,0.07
11190131.IV.NRCA..HH,11190131,2066,2073,20.66,20.73,0.07
11190131.IV.NRCA..HN,11190131,1936,1943,19.36,19.43,0.07
11190131.IV.RM33..EH,11190131,1597,1593,15.97,15.93,0.04
11190131.IV.RM33..HN,11190131,1596,1586,15.96,15.86,0.1
11190131.IV.SMA1..EH,11190131,1810,1810,18.1,18.1,0.0
11190131.IV.SNTG..HH,11190131,1918,1907,19.18,19.07,0.11
11190131.IV.SNTG..HN,11190131,1735,3050,17.35,30.5,13.15
11190131.IV.SRES..HH,11190131,1845,1865,18.45,18.65,0.2
11190131.IV.T1212..EH,11190131,2818,2803,28.18,28.03,0.15
11190131.IV.T1212..HN,11190131,3497,3527,34.97,35.27,0.3
11190131.IV.T1213..EH,11190131,2575,3157,25.75,31.57,5.82
11190131.IV.T1213..HN,11190131,1955,11026,19.55,110.26,90.71
11190131.IV.T1215..EH,11190131,4136,4139,41.36,41.39,0.03
11190131.IV.T1215..HN,11190131,5550,5554,55.5,55.54,0.04
11190131.IV.T1216..EH,11190131,2281,2282,22.81,22.82,0.01
11190131.IV.T1216..HN,11190131,2498,2503,24.98,25.03,0.05
11190131.IV.T1217..EH,11190131,3069,3059,30.69,30.59,0.1
11190131.IV.T1217..HN,11190131,2252,2283,22.52,22.83,0.31
11190131.IV.T1218..EH,11190131,1864,1867,18.64,18.67,0.03
11190131.IV.T1218..HN,11190131,3139,3154,31.39,31.54,0.15
11190131.IV.T1219..EH,11190131,2083,2082,20.83,20.82,0.01
11190131.IV.T1219..HN,11190131,3924,10226,39.24,102.26,63.02
11190131.IV.T1221..EH,11190131,2522,2531,25.22,25.31,0.09
11190131.IV.T1221..HN,11190131,2179,2122,21.79,21.22,0.57
11190131.IV.T1241..EH,11190131,1827,1799,18.27,17.99,0.28
11190131.IV.T1241..HN,11190131,1823,2734,18.23,27.34,9.11
11190131.IV.T1243..HH,11190131,1634,1619,16.34,16.19,0.15
11190131.IV.T1243..HN,11190131,1632,1643,16.32,16.43,0.11
11190131.IV.T1245..HH,11190131,2112,2119,21.12,21.19,0.07
11190131.IV.T1245..HN,11190131,1959,8020,19.59,80.2,60.61
11190131.IV.T1246..HH,11190131,1996,2018,19.96,20.18,0.22
11190131.IV.T1299..EH,11190131,2267,2274,22.67,22.74,0.07
11190131.IV.T1299..HN,11190131,1998,9394,19.98,93.94,73.96
11190131.IV.TERO..HH,11190131,1955,1958,19.55,19.58,0.03
11190131.IV.TERO..HN,11190131,1928,1927,19.28,19.27,0.01
11192441.IV.CAMP..HH,11192441,1844,1843,18.44,18.43,0.01
11192441.IV.CESI..HH,11192441,1750,1750,17.5,17.5,0.0
11192441.IV.CSP1..EH,11192441,1550,1554,15.5,15.54,0.04
11192441.IV.FDMO..HH,11192441,1819,1822,18.19,18.22,0.03
11192441.IV.FIAM..HH,11192441,1837,2634,18.37,26.34,7.97
11192441.IV.FIAM..HN,11192441,1573,9387,15.73,93.87,78.14
11192441.IV.GIGS..HH,11192441,2000,4522,20.0,45.22,25.22
11192441.IV.GUMA..HH,11192441,2003,2002,20.03,20.02,0.01
11192441.IV.GUMA..HN,11192441,2036,5522,20.36,55.22,34.86
11192441.IV.LNSS..HH,11192441,1919,789,19.19,7.89,11.3
11192441.IV.MC2..EH,11192441,1560,1562,15.6,15.62,0.02
11192441.IV.MMO1..EH,11192441,1814,1833,18.14,18.33,0.19
11192441.IV.MMO1..HN,11192441,1750,607,17.5,6.07,11.43
11192441.IV.NRCA..HH,11192441,1857,456,18.57,4.56,14.01
11192441.IV.NRCA..HN,11192441,1850,1847,18.5,18.47,0.03
11192441.IV.RM33..EH,11192441,1993,626,19.93,6.26,13.67
11192441.IV.RM33..HN,11192441,2068,4627,20.68,46.27,25.59
11192441.IV.SMA1..EH,11192441,1627,4306,16.27,43.06,26.79
11192441.IV.T1211..EH,11192441,2906,2914,29.06,29.14,0.08
11192441.IV.T1211..HN,11192441,2728,3273,27.28,32.73,5.45
11192441.IV.T1215..EH,11192441,2356,2357,23.56,23.57,0.01
11192441.IV.T1215..HN,11192441,3107,3106,31.07,31.06,0.01
11192441.IV.T1218..EH,11192441,1792,986,17.92,9.86,8.06
11192441.IV.T1218..HN,11192441,4149,3339,41.49,33.39,8.1
11192441.IV.T1219..EH,11192441,1564,2154,15.64,21.54,5.9
11192441.IV.T1219..HN,11192441,1992,2570,19.92,25.7,5.78
11192441.IV.T1241..EH,11192441,1768,1781,17.68,17.81,0.13
11192441.IV.T1241..HN,11192441,1785,1799,17.85,17.99,0.14
11192441.IV.T1243..HH,11192441,1839,1862,18.39,18.62,0.23
11192441.IV.T1243..HN,11192441,1746,1746,17.46,17.46,0.0
11192441.IV.T1245..HH,11192441,1712,1714,17.12,17.14,0.02
11192441.IV.T1245..HN,11192441,1532,9706,15.32,97.06,81.74
11192441.IV.T1256..HH,11192441,1992,2002,19.92,20.02,0.1
11192441.IV.T1256..HN,11192441,2007,2522,20.07,25.22,5.15
11192441.IV.TERO..HH,11192441,1712,4417,17.12,44.17,27.05
11192441.IV.TERO..HN,11192441,1784,4482,17.84,44.82,26.98
11202141.IV.ASSB..HH,11202141,1673,1685,16.73,16.85,0.12
11202141.IV.CESI..HH,11202141,1991,1990,19.91,19.9,0.01
11202141.IV.CSP1..EH,11202141,1639,1638,16.39,16.38,0.01
11202141.IV.FDMO..HH,11202141,1734,1131,17.34,11.31,6.03
11202141.IV.FOSV..EH,11202141,1543,1554,15.43,15.54,0.11
11202141.IV.FOSV..HN,11202141,1611,9098,16.11,90.98,74.87
11202141.IV.GUMA..HH,11202141,2003,1993,20.03,19.93,0.1
11202141.IV.GUMA..HN,11202141,1773,1767,17.73,17.67,0.06
11202141.IV.MMO1..EH,11202141,1964,1963,19.64,19.63,0.01
11202141.IV.MMO1..HN,11202141,1853,5258,18.53,52.58,34.05
11202141.IV.SNTG..HH,11202141,1967,1959,19.67,19.59,0.08
11202141.IV.SNTG..HN,11202141,1819,2281,18.19,22.81,4.62
11202141.IV.T1215..EH,11202141,3557,3554,35.57,35.54,0.03
11202141.IV.T1215..HN,11202141,5082,5095,50.82,50.95,0.13
11202141.IV.T1216..EH,11202141,1967,1970,19.67,19.7,0.03
11202141.IV.T1216..HN,11202141,2982,3015,29.82,30.15,0.33
11202141.IV.T1241..EH,11202141,1970,1971,19.7,19.71,0.01
11202141.IV.T1245..HH,11202141,1612,1618,16.12,16.18,0.06
11202141.IV.T1245..HN,11202141,1661,1687,16.61,16.87,0.26
11202141.IV.T1256..HH,11202141,1628,1623,16.28,16.23,0.05
11202141.IV.T1256..HN,11202141,1580,1610,15.8,16.1,0.3
11210661.IV.APEC..HH,11210661,1957,1959,19.57,19.59,0.02
11210661.IV.APEC..HN,11210661,1777,9034,17.77,90.34,72.57
11210661.IV.ARRO..EH,11210661,1671,1682,16.71,16.82,0.11
11210661.IV.ARVD..HH,11210661,1941,1941,19.41,19.41,0.0
11210661.IV.ATCC..EH,11210661,2129,2130,21.29,21.3,0.01
11210661.IV.ATCC..HN,11210661,1969,1971,19.69,19.71,0.02
11210661.IV.ATFO..HH,11210661,1880,1904,18.8,19.04,0.24
11210661.IV.ATFO..HN,11210661,1993,1995,19.93,19.95,0.02
11210661.IV.ATPI..EH,11210661,1873,1824,18.73,18.24,0.49
11210661.IV.ATVO..HH,11210661,1728,1722,17.28,17.22,0.06
11210661.IV.ATVO..HN,11210661,1761,1770,17.61,17.7,0.09
11210661.IV.CAFI..HH,11210661,1852,1795,18.52,17.95,0.57
11210661.IV.CAFI..HN,11210661,1830,3179,18.3,31.79,13.49
11210661.IV.CAMP..HH,11210661,2237,2251,22.37,22.51,0.14
11210661.IV.CESI..HH,11210661,1727,802,17.27,8.02,9.25
11210661.IV.CESX..HH,11210661,1966,1963,19.66,19.63,0.03
11210661.IV.COR1..EH,11210661,1950,1958,19.5,19.58,0.08
11210661.IV.CSP1..EH,11210661,1982,1043,19.82,10.43,9.39
11210661.IV.EL6..EH,11210661,1651,1649,16.51,16.49,0.02
11210661.IV.FDMO..HH,11210661,2268,1336,22.68,13.36,9.32
11210661.IV.FEMA..HN,11210661,1828,1830,18.28,18.3,0.02
11210661.IV.FIAM..HH,11210661,2034,2035,20.34,20.35,0.01
11210661.IV.FIAM..HN,11210661,1880,1906,18.8,19.06,0.26
11210661.IV.FOSV..EH,11210661,1995,1990,19.95,19.9,0.05
11210661.IV.FOSV..HN,11210661,1966,1970,19.66,19.7,0.04
11210661.IV.FRON..EH,11210661,1884,1875,18.84,18.75,0.09
11210661.IV.FSSB..HH,11210661,1541,1542,15.41,15.42,0.01
11210661.IV.GIGS..HH,11210661,1948,1947,19.48,19.47,0.01
11210661.IV.GUMA..HH,11210661,1918,1925,19.18,19.25,0.07
11210661.IV.GUMA..HN,11210661,1893,1891,18.93,18.91,0.02
11210661.IV.LNSS..HH,11210661,1895,1898,18.95,18.98,0.03
11210661.IV.MC2..EH,11210661,1564,1563,15.64,15.63,0.01
11210661.IV.MDAR..HN,11210661,1817,1760,18.17,17.6,0.57
11210661.IV.MMO1..EH,11210661,1757,1762,17.57,17.62,0.05
11210661.IV.MMO1..HN,11210661,1621,1634,16.21,16.34,0.13
11210661.IV.MOMA..HH,11210661,2098,2098,20.98,20.98,0.0
11210661.IV.MOMA..HN,11210661,1994,2697,19.94,26.97,7.03
11210661.IV.MPAG..EH,11210661,1991,2061,19.91,20.61,0.7
11210661.IV.MPAG..HN,11210661,1950,5778,19.5,57.78,38.28
11210661.IV.MTL1..HN,11210661,1641,1655,16.41,16.55,0.14
11210661.IV.MURB..HH,11210661,2003,2002,20.03,20.02,0.01
11210661.IV.MURB..HN,11210661,1994,2002,19.94,20.02,0.08
11210661.IV.NRCA..HH,11210661,1886,1882,18.86,18.82,0.04
11210661.IV.NRCA..HN,11210661,1886,1890,18.86,18.9,0.04
11210661.IV.OFFI..HH,11210661,1887,1902,18.87,19.02,0.15
11210661.IV.PARC..HH,11210661,2005,2002,20.05,20.02,0.03
11210661.IV.PIEI..HH,11210661,1687,1671,16.87,16.71,0.16
11210661.IV.PIEI..HN,11210661,1666,2741,16.66,27.41,10.75
11210661.IV.PP3..EH,11210661,1896,1897,18.96,18.97,0.01
11210661.IV.PP3..HN,11210661,1982,1991,19.82,19.91,0.09
11210661.IV.RM33..EH,11210661,1705,1703,17.05,17.03,0.02
11210661.IV.RM33..HN,11210661,1714,10314,17.14,103.14,86.0
11210661.IV.SEF1..HN,11210661,1684,1683,16.84,16.83,0.01
11210661.IV.SSFR..HH,11210661,1818,1834,18.18,18.34,0.16
11210661.IV.SSFR..HN,11210661,1853,1874,18.53,18.74,0.21
11210661.IV.T0110..HH,11210661,1719,1735,17.19,17.35,0.16
11210661.IV.T1211..EH,11210661,2913,2898,29.13,28.98,0.15
11210661.IV.T1211..HN,11210661,4289,4299,42.89,42.99,0.1
11210661.IV.T1215..EH,11210661,4288,4290,42.88,42.9,0.02
11210661.IV.T1215..HN,11210661,3799,3810,37.99,38.1,0.11
11210661.IV.T1216..EH,11210661,4038,4039,40.38,40.39,0.01
11210661.IV.T1216..HN,11210661,2379,2386,23.79,23.86,0.07
11210661.IV.T1218..EH,11210661,1782,1783,17.82,17.83,0.01
11210661.IV.T1218..HN,11210661,4139,4146,41.39,41.46,0.07
11210661.IV.T1219..EH,11210661,2274,1346,22.74,13.46,9.28
11210661.IV.T1219..HN,11210661,2806,1874,28.06,18.74,9.32
11210661.IV.T1241..EH,11210661,1810,1810,18.1,18.1,0.0
11210661.IV.T1241..HN,11210661,1798,1803,17.98,18.03,0.05
11210661.IV.T1243..HH,11210661,1723,1749,17.23,17.49,0.26
11210661.IV.T1243..HN,11210661,1559,1579,15.59,15.79,0.2
11210661.IV.T1245..HH,11210661,1959,1962,19.59,19.62,0.03
11210661.IV.T1245..HN,11210661,1886,1879,18.86,18.79,0.07
11210661.IV.T1247..HH,11210661,1884,1942,18.84,19.42,0.58
11210661.IV.T1256..HH,11210661,1952,1947,19.52,19.47,0.05
11210661.IV.T1256..HN,11210661,1976,1971,19.76,19.71,0.05
11210661.IV.TERO..HH,11210661,1878,1881,18.78,18.81,0.03
11210661.IV.VCEL..EH,11210661,1651,1659,16.51,16.59,0.08
11210991.IV.ARRO..EH,11210991,1762,1794,17.62,17.94,0.32
11210991.IV.ASSB..HH,11210991,1851,1851,18.51,18.51,0.0
11210991.IV.ATCC..EH,11210991,1907,1906,19.07,19.06,0.01
11210991.IV.ATCC..HN,11210991,1909,1922,19.09,19.22,0.13
11210991.IV.CAMP..HH,11210991,2019,2035,20.19,20.35,0.16
11210991.IV.CESI..HH,11210991,1996,1938,19.96,19.38,0.58
11210991.IV.CESX..HH,11210991,1882,1874,18.82,18.74,0.08
11210991.IV.CING..HH,11210991,1748,1714,17.48,17.14,0.34
11210991.IV.CSP1..EH,11210991,1995,1990,19.95,19.9,0.05
11210991.IV.EL6..EH,11210991,1678,1682,16.78,16.82,0.04
11210991.IV.FEMA..HN,11210991,2002,2006,20.02,20.06,0.04
11210991.IV.FOSV..EH,11210991,2002,2011,20.02,20.11,0.09
11210991.IV.FOSV..HN,11210991,2049,2634,20.49,26.34,5.85
11210991.IV.GUMA..HH,11210991,1907,1906,19.07,19.06,0.01
11210991.IV.GUMA..HN,11210991,1950,1939,19.5,19.39,0.11
11210991.IV.LNSS..HH,11210991,1771,1771,17.71,17.71,0.0
11210991.IV.MMO1..HN,11210991,1696,1707,16.96,17.07,0.11
11210991.IV.NRCA..HH,11210991,1821,1818,18.21,18.18,0.03
11210991.IV.NRCA..HN,11210991,1785,1787,17.85,17.87,0.02
11210991.IV.RM33..EH,11210991,1942,1979,19.42,19.79,0.37
11210991.IV.RM33..HN,11210991,1989,2042,19.89,20.42,0.53
11210991.IV.SEF1..HN,11210991,1623,1611,16.23,16.11,0.12
11210991.IV.SNTG..HH,11210991,1662,1679,16.62,16.79,0.17
11210991.IV.SNTG..HN,11210991,1560,1586,15.6,15.86,0.26
11210991.IV.SSFR..HH,11210991,2094,2100,20.94,21.0,0.06
11210991.IV.SSFR..HN,11210991,2000,2023,20.0,20.23,0.23
11210991.IV.T1211..EH,11210991,2571,2567,25.71,25.67,0.04
11210991.IV.T1211..HN,11210991,5086,5067,50.86,50.67,0.19
11210991.IV.T1215..EH,11210991,4876,4875,48.76,48.75,0.01
11210991.IV.T1215..HN,11210991,2986,3010,29.86,30.1,0.24
11210991.IV.T1216..EH,11210991,2135,2146,21.35,21.46,0.11
11210991.IV.T1216..HN,11210991,1889,1899,18.89,18.99,0.1
11210991.IV.T1218..EH,11210991,3693,3703,36.93,37.03,0.1
11210991.IV.T1218..HN,11210991,2305,2315,23.05,23.15,0.1
11210991.IV.T1219..EH,11210991,4015,4027,40.15,40.27,0.12
11210991.IV.T1219..HN,11210991,3049,3060,30.49,30.6,0.11
11210991.IV.T1241..EH,11210991,1753,1766,17.53,17.66,0.13
11210991.IV.T1241..HN,11210991,1691,1707,16.91,17.07,0.16
11210991.IV.T1243..HH,11210991,1907,1911,19.07,19.11,0.04
11210991.IV.T1243..HN,11210991,1982,1995,19.82,19.95,0.13
11210991.IV.T1245..HH,11210991,1895,1895,18.95,18.95,0.0
11210991.IV.T1245..HN,11210991,1757,1767,17.57,17.67,0.1
11210991.IV.T1256..HH,11210991,1655,1655,16.55,16.55,0.0
11210991.IV.T1256..HN,11210991,1562,1554,15.62,15.54,0.08
11212081.IV.AOI..HH,11212081,1642,1650,16.42,16.5,0.08
11212081.IV.APEC..HH,11212081,1887,1899,18.87,18.99,0.12
11212081.IV.APEC..HN,11212081,1975,43,19.75,0.43,19.32
11212081.IV.ARRO..EH,11212081,2195,2199,21.95,21.99,0.04
11212081.IV.ARVD..HH,11212081,2151,2146,21.51,21.46,0.05
11212081.IV.ATCC..EH,11212081,1775,1723,17.75,17.23,0.52
11212081.IV.ATCC..HN,11212081,1821,1811,18.21,18.11,0.1
11212081.IV.ATFO..HH,11212081,1577,1573,15.77,15.73,0.04
11212081.IV.ATFO..HN,11212081,1538,1543,15.38,15.43,0.05
11212081.IV.ATPI..EH,11212081,2042,2039,20.42,20.39,0.03
11212081.IV.ATVO..HH,11212081,1626,1625,16.26,16.25,0.01
11212081.IV.ATVO..HN,11212081,1659,1650,16.59,16.5,0.09
11212081.IV.BADI..EH,11212081,2032,2002,20.32,20.02,0.3
11212081.IV.CAFI..HH,11212081,1894,1891,18.94,18.91,0.03
11212081.IV.CAFI..HN,11212081,1803,1826,18.03,18.26,0.23
11212081.IV.CAMP..HH,11212081,1864,1879,18.64,18.79,0.15
11212081.IV.CERT..HH,11212081,1964,1962,19.64,19.62,0.02
11212081.IV.CESI..HH,11212081,2055,2019,20.55,20.19,0.36
11212081.IV.CESX..HH,11212081,1762,1714,17.62,17.14,0.48
11212081.IV.CING..HH,11212081,1801,1754,18.01,17.54,0.47
11212081.IV.COR1..EH,11212081,1657,1686,16.57,16.86,0.29
11212081.IV.COR1..HN,11212081,1669,1706,16.69,17.06,0.37
11212081.IV.CSP1..EH,11212081,1925,1872,19.25,18.72,0.53
11212081.IV.FAGN..HH,11212081,1632,1639,16.32,16.39,0.07
11212081.IV.FDMO..HH,11212081,1757,226,17.57,2.26,15.31
11212081.IV.FEMA..HN,11212081,2018,2018,20.18,20.18,0.0
11212081.IV.FIAM..HH,11212081,1800,1815,18.0,18.15,0.15
11212081.IV.FIAM..HN,11212081,2036,3255,20.36,32.55,12.19
11212081.IV.FOSV..EH,11212081,1660,1616,16.6,16.16,0.44
11212081.IV.FOSV..HN,11212081,1682,1648,16.82,16.48,0.34
11212081.IV.FRON..EH,11212081,2107,2059,21.07,20.59,0.48
11212081.IV.FSSB..HH,11212081,1796,1794,17.96,17.94,0.02
11212081.IV.GUMA..HH,11212081,1682,1628,16.82,16.28,0.54
11212081.IV.GUMA..HN,11212081,1636,1635,16.36,16.35,0.01
11212081.IV.INTR..HH,11212081,1641,1586,16.41,15.86,0.55
11212081.IV.INTR..HN,11212081,1571,1959,15.71,19.59,3.88
11212081.IV.LNSS..HH,11212081,1795,1797,17.95,17.97,0.02
11212081.IV.MC2..EH,11212081,2216,2215,22.16,22.15,0.01
11212081.IV.MDAR..HN,11212081,1971,1920,19.71,19.2,0.51
11212081.IV.MGAB..HH,11212081,1918,1883,19.18,18.83,0.35
11212081.IV.MGAB..HN,11212081,1951,1931,19.51,19.31,0.2
11212081.IV.MMO1..EH,11212081,2062,2067,20.62,20.67,0.05
11212081.IV.MMO1..HN,11212081,1834,1827,18.34,18.27,0.07
11212081.IV.MMUR..HN,11212081,1727,1664,17.27,16.64,0.63
11212081.IV.MNTP..HN,11212081,1741,103,17.41,1.03,16.38
11212081.IV.MOMA..HH,11212081,1996,2005,19.96,20.05,0.09
11212081.IV.MOMA..HN,11212081,1982,1995,19.82,19.95,0.13
11212081.IV.MPAG..EH,11212081,1871,1874,18.71,18.74,0.03
11212081.IV.MPAG..HN,11212081,1562,9655,15.62,96.55,80.93
11212081.IV.MURB..HH,11212081,1592,1587,15.92,15.87,0.05
11212081.IV.MURB..HN,11212081,1589,1587,15.89,15.87,0.02
11212081.IV.NRCA..HH,11212081,1664,1658,16.64,16.58,0.06
11212081.IV.NRCA..HN,11212081,1761,1771,17.61,17.71,0.1
11212081.IV.OFFI..HH,11212081,1792,1779,17.92,17.79,0.13
11212081.IV.PARC..HH,11212081,1842,1843,18.42,18.43,0.01
11212081.IV.PIEI..HH,11212081,1757,1757,17.57,17.57,0.0
11212081.IV.PIEI..HN,11212081,1870,1895,18.7,18.95,0.25
11212081.IV.PP3..EH,11212081,1609,1621,16.09,16.21,0.12
11212081.IV.PP3..HN,11212081,1588,1618,15.88,16.18,0.3
11212081.IV.RM33..EH,11212081,1575,1555,15.75,15.55,0.2
11212081.IV.RM33..HN,11212081,1545,1575,15.45,15.75,0.3
11212081.IV.RUFI..EH,11212081,1873,1863,18.73,18.63,0.1
11212081.IV.SACS..HH,11212081,1875,1792,18.75,17.92,0.83
11212081.IV.SACS..HN,11212081,1844,1895,18.44,18.95,0.51
11212081.IV.SEF1..HN,11212081,2037,2035,20.37,20.35,0.02
11212081.IV.SNTG..HH,11212081,1882,1843,18.82,18.43,0.39
11212081.IV.SNTG..HN,11212081,1873,1879,18.73,18.79,0.06
11212081.IV.SRES..HH,11212081,1798,1762,17.98,17.62,0.36
11212081.IV.SSFR..HH,11212081,2012,2024,20.12,20.24,0.12
11212081.IV.SSFR..HN,11212081,1973,1971,19.73,19.71,0.02
11212081.IV.T0110..HH,11212081,1676,1632,16.76,16.32,0.44
11212081.IV.T1215..EH,11212081,3186,3188,31.86,31.88,0.02
11212081.IV.T1215..HN,11212081,5202,5167,52.02,51.67,0.35
11212081.IV.T1216..EH,11212081,3245,3242,32.45,32.42,0.03
11212081.IV.T1216..HN,11212081,4580,4705,45.8,47.05,1.25
11212081.IV.T1218..EH,11212081,2212,2219,22.12,22.19,0.07
11212081.IV.T1218..HN,11212081,1835,1842,18.35,18.42,0.07
11212081.IV.T1241..HN,11212081,1718,1714,17.18,17.14,0.04
11212081.IV.T1243..HH,11212081,1730,1750,17.3,17.5,0.2
11212081.IV.T1243..HN,11212081,1650,1667,16.5,16.67,0.17
11212081.IV.T1245..HH,11212081,1610,1563,16.1,15.63,0.47
11212081.IV.T1245..HN,11212081,1642,1651,16.42,16.51,0.09
11212081.IV.T1247..HH,11212081,1668,1653,16.68,16.53,0.15
11212081.IV.T1256..HH,11212081,1857,1851,18.57,18.51,0.06
11212081.IV.T1256..HN,11212081,1891,1875,18.91,18.75,0.16
11212081.IV.TOLF..HH,11212081,1960,2034,19.6,20.34,0.74
11212081.IV.VCEL..EH,11212081,1889,1894,18.89,18.94,0.05
11213801.MN.AQU..HH,11213801,1918,1937,19.18,19.37,0.19
11213801.MN.AQU..HL,11213801,1811,1803,18.11,18.03,0.08
11213801.IV.CAMP..HH,11213801,1946,1378,19.46,13.78,5.68
11213801.IV.CERT..HH,11213801,1732,1707,17.32,17.07,0.25
11213801.IV.CESX..HH,11213801,1866,1863,18.66,18.63,0.03
11213801.IV.CSP1..EH,11213801,2014,371,20.14,3.71,16.43
11213801.IV.FAGN..HH,11213801,2052,2054,20.52,20.54,0.02
11213801.IV.FIAM..HH,11213801,1919,1915,19.19,19.15,0.04
11213801.IV.FIAM..HN,11213801,1841,1858,18.41,18.58,0.17
11213801.IV.GIGS..HH,11213801,1846,1842,18.46,18.42,0.04
11213801.IV.GIUL..HH,11213801,1935,2090,19.35,20.9,1.55
11213801.IV.INTR..HH,11213801,1902,1903,19.02,19.03,0.01
11213801.IV.INTR..HN,11213801,1896,1914,18.96,19.14,0.18
11213801.IV.LNSS..HH,11213801,1855,1043,18.55,10.43,8.12
11213801.IV.MGAB..HH,11213801,1976,1990,19.76,19.9,0.14
11213801.IV.MTCE..HH,11213801,2153,2147,21.53,21.47,0.06
11213801.IV.OFFI..HH,11213801,1803,594,18.03,5.94,12.09
11213801.IV.RM33..EH,11213801,1585,1058,15.85,10.58,5.27
11213801.IV.RM33..HN,11213801,1597,1602,15.97,16.02,0.05
11213801.IV.SACS..HH,11213801,2121,2123,21.21,21.23,0.02
11213801.IV.SACS..HN,11213801,2073,2103,20.73,21.03,0.3
11213801.IV.SMA1..EH,11213801,1598,1558,15.98,15.58,0.4
11213801.IV.SRES..HH,11213801,1678,1683,16.78,16.83,0.05
11213801.IV.T0110..HH,11213801,1923,1931,19.23,19.31,0.08
11213801.IV.T1201..HN,11213801,1857,1847,18.57,18.47,0.1
11213801.IV.T1202..EH,11213801,1646,680,16.46,6.8,9.66
11213801.IV.T1204..EH,11213801,1802,962,18.02,9.62,8.4
11213801.IV.T1211..EH,11213801,3012,3014,30.12,30.14,0.02
11213801.IV.T1211..HN,11213801,2757,2763,27.57,27.63,0.06
11213801.IV.T1212..EH,11213801,5244,4083,52.44,40.83,11.61
11213801.IV.T1212..HN,11213801,3943,3947,39.43,39.47,0.04
11213801.IV.T1213..EH,11213801,1600,1848,16.0,18.48,2.48
11213801.IV.T1213..HN,11213801,2547,2769,25.47,27.69,2.22
11213801.IV.T1215..EH,11213801,2259,1010,22.59,10.1,12.49
11213801.IV.T1215..HN,11213801,2493,2498,24.93,24.98,0.05
11213801.IV.T1216..EH,11213801,3032,1543,30.32,15.43,14.89
11213801.IV.T1216..HN,11213801,2353,859,23.53,8.59,14.94
11213801.IV.T1218..EH,11213801,2727,1826,27.27,18.26,9.01
11213801.IV.T1218..HN,11213801,2785,2794,27.85,27.94,0.09
11213801.IV.T1241..EH,11213801,1864,544,18.64,5.44,13.2
11213801.IV.T1241..HN,11213801,1902,1927,19.02,19.27,0.25
11213801.IV.T1243..HH,11213801,1925,1031,19.25,10.31,8.94
11213801.IV.T1243..HN,11213801,2064,2066,20.64,20.66,0.02
11213801.IV.T1244..EH,11213801,2035,934,20.35,9.34,11.01
11213801.IV.T1244..HN,11213801,1825,722,18.25,7.22,11.03
11213801.IV.T1245..HH,11213801,1760,222,17.6,2.22,15.38
11213801.IV.T1245..HN,11213801,1664,119,16.64,1.19,15.45
11213801.IV.T1246..HH,11213801,1522,850,15.22,8.5,6.72
11213801.IV.T1247..HH,11213801,1673,1687,16.73,16.87,0.14
11213801.IV.T1256..HH,11213801,1773,146,17.73,1.46,16.27
11213801.IV.T1299..EH,11213801,1694,979,16.94,9.79,7.15
11213801.IV.T1299..HN,11213801,1789,1791,17.89,17.91,0.02
11213801.IV.TOLF..HH,11213801,1621,1618,16.21,16.18,0.03
11213801.IV.VCEL..EH,11213801,2005,2018,20.05,20.18,0.13
11214971.MN.AQU..HH,11214971,2018,2053,20.18,20.53,0.35
11214971.MN.AQU..HL,11214971,2112,2146,21.12,21.46,0.34
11214971.IV.CAMP..HH,11214971,2165,1703,21.65,17.03,4.62
11214971.IV.CERT..HH,11214971,2115,2091,21.15,20.91,0.24
11214971.IV.CESX..HH,11214971,1961,1962,19.61,19.62,0.01
11214971.IV.CSP1..EH,11214971,1692,514,16.92,5.14,11.78
11214971.IV.FAGN..HH,11214971,1928,1927,19.28,19.27,0.01
11214971.IV.FIAM..HH,11214971,1785,1731,17.85,17.31,0.54
11214971.IV.FIAM..HN,11214971,2002,1967,20.02,19.67,0.35
11214971.IV.GIGS..HH,11214971,1669,1698,16.69,16.98,0.29
11214971.IV.GUMA..HH,11214971,1866,887,18.66,8.87,9.79
11214971.IV.GUMA..HN,11214971,1630,651,16.3,6.51,9.79
11214971.IV.INTR..HH,11214971,2255,2258,22.55,22.58,0.03
11214971.IV.INTR..HN,11214971,1930,1963,19.3,19.63,0.33
11214971.IV.LNSS..HH,11214971,2066,1650,20.66,16.5,4.16
11214971.IV.MMO1..HN,11214971,2009,1354,20.09,13.54,6.55
11214971.IV.MNTP..HN,11214971,1680,715,16.8,7.15,9.65
11214971.IV.MOMA..HH,11214971,1752,1710,17.52,17.1,0.42
11214971.IV.MOMA..HN,11214971,1726,2761,17.26,27.61,10.35
11214971.IV.MTCE..HH,11214971,1862,1842,18.62,18.42,0.2
11214971.IV.NRCA..HH,11214971,1645,890,16.45,8.9,7.55
11214971.IV.NRCA..HN,11214971,1773,1047,17.73,10.47,7.26
11214971.IV.OFFI..HH,11214971,1871,1865,18.71,18.65,0.06
11214971.IV.PTQR..HH,11214971,1727,1730,17.27,17.3,0.03
11214971.IV.RDP..HH,11214971,2036,2206,20.36,22.06,1.7
11214971.IV.RM33..EH,11214971,1642,1195,16.42,11.95,4.47
11214971.IV.RM33..HN,11214971,1614,1609,16.14,16.09,0.05
11214971.IV.SRES..HH,11214971,1916,1911,19.16,19.11,0.05
11214971.IV.T0110..HH,11214971,2087,2087,20.87,20.87,0.0
11214971.IV.T1211..EH,11214971,2882,2881,28.82,28.81,0.01
11214971.IV.T1211..HN,11214971,3016,3011,30.16,30.11,0.05
11214971.IV.T1218..EH,11214971,2546,2119,25.46,21.19,4.27
11214971.IV.T1218..HN,11214971,2634,2642,26.34,26.42,0.08
11214971.IV.T1241..EH,11214971,1771,1298,17.71,12.98,4.73
11214971.IV.T1243..HH,11214971,2253,1815,22.53,18.15,4.38
11214971.IV.T1243..HN,11214971,1970,1970,19.7,19.7,0.0
11214971.IV.T1245..HN,11214971,1937,1291,19.37,12.91,6.46
11214971.IV.T1246..HH,11214971,1766,1314,17.66,13.14,4.52
11214971.IV.T1247..HH,11214971,1821,1775,18.21,17.75,0.46
11214971.IV.T1299..EH,11214971,1827,1834,18.27,18.34,0.07
11214971.IV.T1299..HN,11214971,1755,1765,17.55,17.65,0.1
11214971.IV.VCEL..EH,11214971,1996,1547,19.96,15.47,4.49
11214971.IV.VVLD..HH,11214971,1700,1687,17.0,16.87,0.13
11230521.IV.CESI..HH,11230521,1860,1830,18.6,18.3,0.3
11230521.IV.CSP1..EH,11230521,1995,1995,19.95,19.95,0.0
11230521.IV.LNSS..HH,11230521,1761,1746,17.61,17.46,0.15
11230521.IV.MC2..EH,11230521,1839,1850,18.39,18.5,0.11
11230521.IV.MMO1..EH,11230521,1711,1683,17.11,16.83,0.28
11230521.IV.MMO1..HN,11230521,1607,6091,16.07,60.91,44.84
11230521.IV.NRCA..HH,11230521,1510,1516,15.1,15.16,0.06
11230521.IV.NRCA..HN,11230521,1544,1539,15.44,15.39,0.05
11230521.IV.T1215..EH,11230521,2737,2727,27.37,27.27,0.1
11230521.IV.T1215..HN,11230521,4089,4075,40.89,40.75,0.14
11230521.IV.T1216..EH,11230521,2298,2295,22.98,22.95,0.03
11230521.IV.T1216..HN,11230521,3493,3499,34.93,34.99,0.06
11230521.IV.T1218..EH,11230521,3472,3467,34.72,34.67,0.05
11230521.IV.T1218..HN,11230521,3020,3026,30.2,30.26,0.06
11230521.IV.T1245..HH,11230521,2109,2107,21.09,21.07,0.02
11230521.IV.T1245..HN,11230521,2019,2018,20.19,20.18,0.01
11230521.IV.T1256..HH,11230521,1588,1587,15.88,15.87,0.01
11230521.IV.T1256..HN,11230521,1702,1730,17.02,17.3,0.28
1123701.IV.IVPL..HH,1123701,1837,1833,18.37,18.33,0.04
1123701.IV.MCSR..HH,1123701,2102,2098,21.02,20.98,0.04
1123701.IV.MILZ..HH,1123701,1951,1973,19.51,19.73,0.22
1123701.IV.MPNC..HH,1123701,1964,1973,19.64,19.73,0.09
1123701.IV.MSFR..HH,1123701,1744,1746,17.44,17.46,0.02
1123701.IV.MSRU..HH,1123701,1536,1529,15.36,15.29,0.07
1123701.IV.NOV..HH,1123701,2044,2058,20.44,20.58,0.14
1124551.IV.AGST..EH,1124551,1937,2037,19.37,20.37,1.0
1124551.MN.CEL..HH,1124551,1626,1677,16.26,16.77,0.51
1124551.MN.CEL..HL,1124551,1923,1919,19.23,19.19,0.04
1124551.IV.GIB..HH,1124551,1935,1986,19.35,19.86,0.51
1124551.IV.HAGA..HH,1124551,2012,1991,20.12,19.91,0.21
1124551.IV.HAVL..HH,1124551,1711,1735,17.11,17.35,0.24
1124551.IV.HCRL..HH,1124551,1709,1733,17.09,17.33,0.24
1124551.IV.HLNI..HH,1124551,1643,1690,16.43,16.9,0.47
1124551.IV.HVZN..HH,1124551,1968,2097,19.68,20.97,1.29
1124551.IV.IACL..HH,1124551,1830,1860,18.3,18.6,0.3
1124551.IV.IFIL..HH,1124551,1660,1594,16.6,15.94,0.66
1124551.IV.IVPL..HH,1124551,1948,1874,19.48,18.74,0.74
1124551.IV.JOPP..HH,1124551,1744,1781,17.44,17.81,0.37
1124551.IV.JOPP..HN,1124551,1705,1739,17.05,17.39,0.34
1124551.IV.MCSR..HH,1124551,2148,2090,21.48,20.9,0.58
1124551.IV.MILZ..HH,1124551,1901,1900,19.01,19.0,0.01
1124551.IV.MPAZ..HH,1124551,2275,2275,22.75,22.75,0.0
1124551.IV.MPNC..HH,1124551,1977,1931,19.77,19.31,0.46
1124551.IV.MSCL..HH,1124551,1818,1828,18.18,18.28,0.1
1124551.IV.MSRU..HH,1124551,1995,1996,19.95,19.96,0.01
1124551.IV.MTTG..HH,1124551,1989,1942,19.89,19.42,0.47
1124551.IV.NOV..HH,1124551,1989,1897,19.89,18.97,0.92
1124551.IV.PLAC..HH,1124551,1857,1858,18.57,18.58,0.01
1124551.IV.SSY..HH,1124551,2045,2018,20.45,20.18,0.27
1124551.MN.TIP..HH,1124551,1764,1911,17.64,19.11,1.47
1125091.IV.IVPL..HH,1125091,1744,1754,17.44,17.54,0.1
1125091.IV.MCSR..HH,1125091,1978,1946,19.78,19.46,0.32
1125091.IV.MILZ..HH,1125091,1611,1627,16.11,16.27,0.16
1125091.IV.MPNC..HH,1125091,1878,1882,18.78,18.82,0.04
1125091.IV.MSFR..HH,1125091,1620,1622,16.2,16.22,0.02
1125091.IV.MSRU..HH,1125091,1989,1991,19.89,19.91,0.02
1125091.IV.NOV..HH,1125091,2027,1929,20.27,19.29,0.98
11253101.IV.CAMP..HH,11253101,2331,2331,23.31,23.31,0.0
11253101.IV.CESI..HH,11253101,2007,2001,20.07,20.01,0.06
11253101.IV.CSP1..EH,11253101,2062,2067,20.62,20.67,0.05
11253101.IV.EL6..EH,11253101,1887,1891,18.87,18.91,0.04
11253101.IV.FDMO..HH,11253101,2216,2229,22.16,22.29,0.13
11253101.IV.FEMA..HN,11253101,1603,1602,16.03,16.02,0.01
11253101.IV.GUMA..HH,11253101,1971,1974,19.71,19.74,0.03
11253101.IV.GUMA..HN,11253101,2020,2027,20.2,20.27,0.07
11253101.IV.LNSS..HH,11253101,1694,1718,16.94,17.18,0.24
11253101.IV.MC2..EH,11253101,2129,2109,21.29,21.09,0.2
11253101.IV.MMO1..HN,11253101,1616,1611,16.16,16.11,0.05
11253101.IV.NRCA..HH,11253101,1855,685,18.55,6.85,11.7
11253101.IV.NRCA..HN,11253101,1834,1826,18.34,18.26,0.08
11253101.IV.OFFI..HH,11253101,2296,2331,22.96,23.31,0.35
11253101.IV.RM33..EH,11253101,1732,1735,17.32,17.35,0.03
11253101.IV.RM33..HN,11253101,1682,2410,16.82,24.1,7.28
11253101.IV.SNTG..HH,11253101,1871,1879,18.71,18.79,0.08
11253101.IV.SNTG..HN,11253101,1909,1931,19.09,19.31,0.22
11253101.IV.T1215..EH,11253101,2529,2530,25.29,25.3,0.01
11253101.IV.T1215..HN,11253101,5031,5035,50.31,50.35,0.04
11253101.IV.T1216..EH,11253101,3295,3291,32.95,32.91,0.04
11253101.IV.T1216..HN,11253101,2473,2467,24.73,24.67,0.06
11253101.IV.T1218..EH,11253101,3210,1586,32.1,15.86,16.24
11253101.IV.T1218..HN,11253101,2314,2315,23.14,23.15,0.01
11253101.IV.T1219..EH,11253101,5732,5730,57.32,57.3,0.02
11253101.IV.T1219..HN,11253101,2273,2259,22.73,22.59,0.14
11253101.IV.T1241..EH,11253101,2165,2167,21.65,21.67,0.02
11253101.IV.T1241..HN,11253101,2007,2011,20.07,20.11,0.04
11253101.IV.T1243..HH,11253101,1823,1858,18.23,18.58,0.35
11253101.IV.T1243..HN,11253101,1789,1810,17.89,18.1,0.21
11253101.IV.T1245..HH,11253101,1939,1945,19.39,19.45,0.06
11253101.IV.T1245..HN,11253101,1909,1899,19.09,18.99,0.1
11253101.IV.T1256..HH,11253101,2101,2103,21.01,21.03,0.02
11253101.IV.T1256..HN,11253101,1957,1955,19.57,19.55,0.02
11253101.IV.T1299..EH,11253101,1744,1719,17.44,17.19,0.25
11253101.IV.T1299..HN,11253101,1730,1778,17.3,17.78,0.48
11253101.IV.TERO..HH,11253101,1998,2002,19.98,20.02,0.04
11253101.IV.TERO..HN,11253101,1984,1995,19.84,19.95,0.11
11271141.IV.CESI..HH,11271141,2034,2032,20.34,20.32,0.02
11271141.IV.CSP1..EH,11271141,1827,1799,18.27,17.99,0.28
11271141.IV.FDMO..HH,11271141,1964,1954,19.64,19.54,0.1
11271141.IV.MC2..EH,11271141,1991,1970,19.91,19.7,0.21
11271141.IV.MMO1..EH,11271141,1928,1911,19.28,19.11,0.17
11271141.IV.MMO1..HN,11271141,1848,11626,18.48,116.26,97.78
11271141.IV.NRCA..HH,11271141,2000,2002,20.0,20.02,0.02
11271141.IV.NRCA..HN,11271141,2030,2027,20.3,20.27,0.03
11271141.IV.OFFI..HH,11271141,2078,2086,20.78,20.86,0.08
11271141.IV.T1215..EH,11271141,4002,4002,40.02,40.02,0.0
11271141.IV.T1215..HN,11271141,2261,2827,22.61,28.27,5.66
11271141.IV.T1216..EH,11271141,4940,9170,49.4,91.7,42.3
11271141.IV.T1216..HN,11271141,4141,4137,41.41,41.37,0.04
11271141.IV.T1218..EH,11271141,4244,4242,42.44,42.42,0.02
11271141.IV.T1218..HN,11271141,2025,2027,20.25,20.27,0.02
11271141.IV.T1219..EH,11271141,1920,1899,19.2,18.99,0.21
11271141.IV.T1219..HN,11271141,3026,3659,30.26,36.59,6.33
11271141.IV.T1241..EH,11271141,1876,1875,18.76,18.75,0.01
11271141.IV.T1241..HN,11271141,1934,1931,19.34,19.31,0.03
11271141.IV.T1243..HH,11271141,1903,1906,19.03,19.06,0.03
11271141.IV.T1243..HN,11271141,1939,1931,19.39,19.31,0.08
11271141.IV.T1245..HH,11271141,1928,1927,19.28,19.27,0.01
11271141.IV.T1245..HN,11271141,1900,1899,19.0,18.99,0.01
11271141.IV.T1247..HH,11271141,1857,2060,18.57,20.6,2.03
11271141.IV.T1256..HH,11271141,1964,1947,19.64,19.47,0.17
11271141.IV.T1256..HN,11271141,2027,3538,20.27,35.38,15.11
11272551.IV.CAMP..HH,11272551,1984,274,19.84,2.74,17.1
11272551.IV.CESI..HH,11272551,2014,2011,20.14,20.11,0.03
11272551.IV.FEMA..HN,11272551,1671,274,16.71,2.74,13.97
11272551.IV.LNSS..HH,11272551,2032,2044,20.32,20.44,0.12
11272551.IV.MC2..EH,11272551,1687,1682,16.87,16.82,0.05
11272551.IV.MMO1..EH,11272551,1721,1714,17.21,17.14,0.07
11272551.IV.MMO1..HN,11272551,1651,1643,16.51,16.43,0.08
11272551.IV.NRCA..HH,11272551,1557,1449,15.57,14.49,1.08
11272551.IV.NRCA..HN,11272551,1539,1527,15.39,15.27,0.12
11272551.IV.RM33..EH,11272551,1620,1618,16.2,16.18,0.02
11272551.IV.RM33..HN,11272551,1667,1675,16.67,16.75,0.08
11272551.IV.T1211..EH,11272551,1957,2612,19.57,26.12,6.55
11272551.IV.T1211..HN,11272551,4321,4363,43.21,43.63,0.42
11272551.IV.T1215..EH,11272551,3129,1015,31.29,10.15,21.14
11272551.IV.T1215..HN,11272551,2622,2611,26.22,26.11,0.11
11272551.IV.T1216..EH,11272551,2685,2682,26.85,26.82,0.03
11272551.IV.T1216..HN,11272551,2676,2678,26.76,26.78,0.02
11272551.IV.T1218..EH,11272551,3215,3211,32.15,32.11,0.04
11272551.IV.T1218..HN,11272551,3450,3442,34.5,34.42,0.08
11272551.IV.T1241..EH,11272551,1964,1959,19.64,19.59,0.05
11272551.IV.T1243..HH,11272551,1680,1674,16.8,16.74,0.06
11272551.IV.T1243..HN,11272551,1716,1738,17.16,17.38,0.22
11272551.IV.T1245..HH,11272551,1607,1618,16.07,16.18,0.11
11272551.IV.T1245..HN,11272551,1625,1619,16.25,16.19,0.06
11272551.IV.T1256..HH,11272551,1807,1803,18.07,18.03,0.04
11272551.IV.T1256..HN,11272551,1798,1794,17.98,17.94,0.04
1128071.IV.ASSB..HH,1128071,1934,1949,19.34,19.49,0.15
1128071.IV.ATCC..EH,1128071,1925,1920,19.25,19.2,0.05
1128071.IV.ATVO..HH,1128071,2178,2183,21.78,21.83,0.05
1128071.IV.CESI..HH,1128071,1705,1682,17.05,16.82,0.23
1128071.IV.MURB..HH,1128071,1967,1962,19.67,19.62,0.05
1128071.IV.MURB..HN,1128071,1971,1970,19.71,19.7,0.01
